timestamp,level,component,message
"2025-07-07 11:15:03,000",WARN,ShippingService,Potential issue detected in ShippingService - session_id=QWE314
"2025-07-07 11:15:04,000",INFO,InventoryService,InventoryService completed successfully - session_id=QWE314
"2025-07-07 11:15:07,000",INFO,ReportGenerator,ReportGenerator completed successfully - session_id=QWE314
"2025-07-07 11:15:09,000",ERROR,AnalyticsService,Error occurred in AnalyticsService - session_id=QWE314
"2025-07-07 11:15:11,000",WARN,InventoryService,Potential issue detected in InventoryService - session_id=ABC678
"2025-07-07 11:15:14,000",INFO,ReportGenerator,ReportGenerator completed successfully - session_id=ABC678
"2025-07-07 11:15:17,000",WARN,OrderProcessor,Potential issue detected in OrderProcessor - session_id=ABC678
"2025-07-07 11:15:18,000",INFO,PaymentService,PaymentService completed successfully - session_id=GHI852
"2025-07-07 11:15:21,000",INFO,PaymentService,PaymentService completed successfully - session_id=GHI852
"2025-07-07 11:15:23,000",INFO,Database,Database completed successfully - session_id=GHI852
"2025-07-07 11:15:25,000",INFO,UserService,UserService completed successfully - session_id=GHI852
"2025-07-07 11:15:26,000",WARN,AuthService,Potential issue detected in AuthService - session_id=GHI852
"2025-07-07 11:15:27,000",ERROR,RecommendationService,Error occurred in RecommendationService - session_id=GHI852
"2025-07-07 11:15:29,000",WARN,NotificationService,Potential issue detected in NotificationService - session_id=LMN452
"2025-07-07 11:15:30,000",INFO,AnalyticsService,AnalyticsService completed successfully - session_id=LMN452
"2025-07-07 11:15:32,000",INFO,SearchService,SearchService completed successfully - session_id=LMN452
"2025-07-07 11:15:34,000",INFO,PaymentService,PaymentService completed successfully - session_id=LMN452
"2025-07-07 11:15:37,000",WARN,AuthService,Potential issue detected in AuthService - session_id=LMN452
"2025-07-07 11:15:40,000",ERROR,CacheLayer,Error occurred in CacheLayer - session_id=LMN452
"2025-07-07 11:15:41,000",INFO,SearchService,SearchService completed successfully - session_id=GHI852
"2025-07-07 11:15:42,000",INFO,NotificationService,NotificationService completed successfully - session_id=GHI852
"2025-07-07 11:15:43,000",WARN,UserService,Potential issue detected in UserService - session_id=GHI852
"2025-07-07 11:15:44,000",INFO,OrderProcessor,OrderProcessor completed successfully - session_id=GHI852
"2025-07-07 11:15:46,000",INFO,Database,Database completed successfully - session_id=GHI852
"2025-07-07 11:15:48,000",ERROR,Database,Error occurred in Database - session_id=GHI852
"2025-07-07 11:15:50,000",WARN,AnalyticsService,Potential issue detected in AnalyticsService - session_id=QWE314
"2025-07-07 11:15:53,000",INFO,PaymentService,PaymentService completed successfully - session_id=QWE314
"2025-07-07 11:15:54,000",INFO,SearchService,SearchService completed successfully - session_id=QWE314
"2025-07-07 11:15:56,000",INFO,ShippingService,ShippingService completed successfully - session_id=QWE314
"2025-07-07 11:15:57,000",INFO,AnalyticsService,AnalyticsService completed successfully - session_id=TUV159
"2025-07-07 11:15:58,000",INFO,AuthService,AuthService completed successfully - session_id=TUV159
"2025-07-07 11:15:59,000",WARN,NotificationService,Potential issue detected in NotificationService - session_id=TUV159
"2025-07-07 11:16:02,000",WARN,ShippingService,Potential issue detected in ShippingService - session_id=QWE314
"2025-07-07 11:16:04,000",INFO,InventoryService,InventoryService completed successfully - session_id=QWE314
"2025-07-07 11:16:06,000",INFO,AnalyticsService,AnalyticsService completed successfully - session_id=QWE314
"2025-07-07 11:16:09,000",INFO,PaymentService,PaymentService completed successfully - session_id=QWE314
"2025-07-07 11:16:10,000",INFO,ReportGenerator,ReportGenerator completed successfully - session_id=QWE314
"2025-07-07 11:16:13,000",ERROR,CacheLayer,Error occurred in CacheLayer - session_id=QWE314
"2025-07-07 11:16:16,000",INFO,Database,Database completed successfully - session_id=DEF741
"2025-07-07 11:16:19,000",INFO,UserService,UserService completed successfully - session_id=DEF741
"2025-07-07 11:16:22,000",INFO,AuthService,AuthService completed successfully - session_id=DEF741
"2025-07-07 11:16:24,000",INFO,NotificationService,NotificationService completed successfully - session_id=DEF741
"2025-07-07 11:16:27,000",INFO,RecommendationService,RecommendationService completed successfully - session_id=TUV159
"2025-07-07 11:16:30,000",INFO,InventoryService,InventoryService completed successfully - session_id=TUV159
"2025-07-07 11:16:31,000",INFO,PaymentService,PaymentService completed successfully - session_id=TUV159
"2025-07-07 11:16:32,000",WARN,InventoryService,Potential issue detected in InventoryService - session_id=TUV159
"2025-07-07 11:16:33,000",WARN,RecommendationService,Potential issue detected in RecommendationService - session_id=TUV159
"2025-07-07 11:16:36,000",WARN,OrderProcessor,Potential issue detected in OrderProcessor - session_id=LMN452
"2025-07-07 11:16:38,000",WARN,CacheLayer,Potential issue detected in CacheLayer - session_id=LMN452
"2025-07-07 11:16:39,000",INFO,RecommendationService,RecommendationService completed successfully - session_id=LMN452
"2025-07-07 11:16:42,000",ERROR,UserService,Error occurred in UserService - session_id=LMN452
"2025-07-07 11:16:43,000",INFO,InventoryService,InventoryService completed successfully - session_id=ZXV903
"2025-07-07 11:16:46,000",INFO,Database,Database completed successfully - session_id=ZXV903
"2025-07-07 11:16:48,000",INFO,Database,Database completed successfully - session_id=ZXV903
"2025-07-07 11:16:51,000",ERROR,ShippingService,Error occurred in ShippingService - session_id=ZXV903
"2025-07-07 11:16:52,000",INFO,Database,Database completed successfully - session_id=TUV159
"2025-07-07 11:16:53,000",WARN,InventoryService,Potential issue detected in InventoryService - session_id=TUV159
"2025-07-07 11:16:55,000",INFO,ReportGenerator,ReportGenerator completed successfully - session_id=TUV159
"2025-07-07 11:16:58,000",INFO,ReportGenerator,ReportGenerator completed successfully - session_id=TUV159
"2025-07-07 11:17:01,000",INFO,AnalyticsService,AnalyticsService completed successfully - session_id=GHI852
"2025-07-07 11:17:04,000",WARN,InventoryService,Potential issue detected in InventoryService - session_id=GHI852
"2025-07-07 11:17:05,000",WARN,CacheLayer,Potential issue detected in CacheLayer - session_id=GHI852
"2025-07-07 11:17:08,000",INFO,RecommendationService,RecommendationService completed successfully - session_id=GHI852
"2025-07-07 11:17:10,000",ERROR,CacheLayer,Error occurred in CacheLayer - session_id=GHI852
"2025-07-07 11:17:13,000",INFO,UserService,UserService completed successfully - session_id=LMN452
"2025-07-07 11:17:15,000",INFO,UserService,UserService completed successfully - session_id=LMN452
"2025-07-07 11:17:18,000",INFO,OrderProcessor,OrderProcessor completed successfully - session_id=LMN452
"2025-07-07 11:17:21,000",WARN,OrderProcessor,Potential issue detected in OrderProcessor - session_id=LMN452
"2025-07-07 11:17:23,000",ERROR,NotificationService,Error occurred in NotificationService - session_id=LMN452
"2025-07-07 11:17:26,000",INFO,CacheLayer,CacheLayer completed successfully - session_id=SES321
"2025-07-07 11:17:27,000",INFO,ReportGenerator,ReportGenerator completed successfully - session_id=SES321
"2025-07-07 11:17:30,000",INFO,InventoryService,InventoryService completed successfully - session_id=SES321
"2025-07-07 11:17:33,000",INFO,NotificationService,NotificationService completed successfully - session_id=SES321
"2025-07-07 11:17:34,000",INFO,ShippingService,ShippingService completed successfully - session_id=SES321
"2025-07-07 11:17:35,000",INFO,AnalyticsService,AnalyticsService completed successfully - session_id=SES321
"2025-07-07 11:17:36,000",ERROR,ShippingService,Error occurred in ShippingService - session_id=SES321
"2025-07-07 11:17:39,000",INFO,CacheLayer,CacheLayer completed successfully - session_id=SES739
"2025-07-07 11:17:41,000",INFO,AnalyticsService,AnalyticsService completed successfully - session_id=SES739
"2025-07-07 11:17:43,000",INFO,OrderProcessor,OrderProcessor completed successfully - session_id=SES739
"2025-07-07 11:17:44,000",INFO,Database,Database completed successfully - session_id=SES739
"2025-07-07 11:17:45,000",WARN,SearchService,Potential issue detected in SearchService - session_id=SES739
"2025-07-07 11:17:48,000",WARN,Database,Potential issue detected in Database - session_id=SES739
"2025-07-07 11:17:49,000",INFO,AuthService,AuthService completed successfully - session_id=SES739
"2025-07-07 11:17:52,000",ERROR,Database,Error occurred in Database - session_id=SES739
"2025-07-07 11:17:53,000",WARN,Database,Potential issue detected in Database - session_id=SES367
"2025-07-07 11:17:56,000",INFO,AnalyticsService,AnalyticsService completed successfully - session_id=SES367
"2025-07-07 11:17:58,000",INFO,NotificationService,NotificationService completed successfully - session_id=SES367
"2025-07-07 11:18:01,000",INFO,InventoryService,InventoryService completed successfully - session_id=SES367
"2025-07-07 11:18:04,000",INFO,UserService,UserService completed successfully - session_id=SES367
"2025-07-07 11:18:07,000",WARN,PaymentService,Potential issue detected in PaymentService - session_id=SES367
"2025-07-07 11:18:10,000",INFO,CacheLayer,CacheLayer completed successfully - session_id=SES367
"2025-07-07 11:18:11,000",ERROR,ShippingService,Error occurred in ShippingService - session_id=SES367
"2025-07-07 11:18:13,000",INFO,RecommendationService,RecommendationService completed successfully - session_id=SES985
"2025-07-07 11:18:14,000",INFO,SearchService,SearchService completed successfully - session_id=SES985
"2025-07-07 11:18:17,000",INFO,CacheLayer,CacheLayer completed successfully - session_id=SES985
"2025-07-07 11:18:20,000",INFO,UserService,UserService completed successfully - session_id=SES985
"2025-07-07 11:18:23,000",WARN,SearchService,Potential issue detected in SearchService - session_id=SES985
"2025-07-07 11:18:26,000",INFO,AuthService,AuthService completed successfully - session_id=SES985
"2025-07-07 11:18:28,000",ERROR,UserService,Error occurred in UserService - session_id=SES985
"2025-07-07 11:18:29,000",INFO,NotificationService,NotificationService completed successfully - session_id=SES334
"2025-07-07 11:18:32,000",INFO,ShippingService,ShippingService completed successfully - session_id=SES334
"2025-07-07 11:18:33,000",INFO,RecommendationService,RecommendationService completed successfully - session_id=SES334
"2025-07-07 11:18:34,000",ERROR,UserService,Error occurred in UserService - session_id=SES334
"2025-07-07 11:18:37,000",INFO,AuthService,AuthService completed successfully - session_id=SES227
"2025-07-07 11:18:39,000",WARN,UserService,Potential issue detected in UserService - session_id=SES227
"2025-07-07 11:18:41,000",WARN,Database,Potential issue detected in Database - session_id=SES227
"2025-07-07 11:18:44,000",WARN,InventoryService,Potential issue detected in InventoryService - session_id=SES227
"2025-07-07 11:18:47,000",ERROR,UserService,Error occurred in UserService - session_id=SES227
"2025-07-07 11:18:48,000",INFO,PaymentService,PaymentService completed successfully - session_id=SES655
"2025-07-07 11:18:51,000",INFO,CacheLayer,CacheLayer completed successfully - session_id=SES655
"2025-07-07 11:18:52,000",INFO,OrderProcessor,OrderProcessor completed successfully - session_id=SES655
"2025-07-07 11:18:53,000",WARN,NotificationService,Potential issue detected in NotificationService - session_id=SES655
"2025-07-07 11:18:56,000",WARN,UserService,Potential issue detected in UserService - session_id=SES655
"2025-07-07 11:18:58,000",INFO,OrderProcessor,OrderProcessor completed successfully - session_id=SES394
"2025-07-07 11:19:01,000",WARN,ShippingService,Potential issue detected in ShippingService - session_id=SES394
"2025-07-07 11:19:03,000",INFO,Database,Database completed successfully - session_id=SES394
"2025-07-07 11:19:05,000",INFO,SearchService,SearchService completed successfully - session_id=SES394
"2025-07-07 11:19:08,000",INFO,CacheLayer,CacheLayer completed successfully - session_id=SES394
"2025-07-07 11:19:10,000",WARN,RecommendationService,Potential issue detected in RecommendationService - session_id=SES394
"2025-07-07 11:19:11,000",WARN,Database,Potential issue detected in Database - session_id=SES394
"2025-07-07 11:19:13,000",ERROR,ReportGenerator,Error occurred in ReportGenerator - session_id=SES394
"2025-07-07 11:19:15,000",INFO,AnalyticsService,AnalyticsService completed successfully - session_id=SES278
"2025-07-07 11:19:17,000",INFO,Database,Database completed successfully - session_id=SES278
"2025-07-07 11:19:20,000",WARN,AuthService,Potential issue detected in AuthService - session_id=SES278
"2025-07-07 11:19:23,000",ERROR,ShippingService,Error occurred in ShippingService - session_id=SES278
"2025-07-07 11:19:24,000",INFO,ShippingService,ShippingService completed successfully - session_id=SES167
"2025-07-07 11:19:25,000",INFO,OrderProcessor,OrderProcessor completed successfully - session_id=SES167
"2025-07-07 11:19:27,000",INFO,SearchService,SearchService completed successfully - session_id=SES167
"2025-07-07 11:19:30,000",INFO,RecommendationService,RecommendationService completed successfully - session_id=SES167
"2025-07-07 11:19:33,000",ERROR,PaymentService,Error occurred in PaymentService - session_id=SES167
"2025-07-07 11:19:35,000",INFO,ShippingService,ShippingService completed successfully - session_id=SES420
"2025-07-07 11:19:37,000",WARN,Database,Potential issue detected in Database - session_id=SES420
"2025-07-07 11:19:40,000",WARN,RecommendationService,Potential issue detected in RecommendationService - session_id=SES420
"2025-07-07 11:19:41,000",INFO,ShippingService,ShippingService completed successfully - session_id=SES420
"2025-07-07 11:19:43,000",INFO,RecommendationService,RecommendationService completed successfully - session_id=SES420
"2025-07-07 11:19:45,000",WARN,InventoryService,Potential issue detected in InventoryService - session_id=SES420
"2025-07-07 11:19:47,000",ERROR,UserService,Error occurred in UserService - session_id=SES420
"2025-07-07 11:19:49,000",INFO,CacheLayer,CacheLayer completed successfully - session_id=SES863
"2025-07-07 11:19:52,000",WARN,InventoryService,Potential issue detected in InventoryService - session_id=SES863
"2025-07-07 11:19:54,000",INFO,RecommendationService,RecommendationService completed successfully - session_id=SES863
"2025-07-07 11:19:57,000",INFO,SearchService,SearchService completed successfully - session_id=SES863
"2025-07-07 11:20:00,000",WARN,AnalyticsService,Potential issue detected in AnalyticsService - session_id=SES863
"2025-07-07 11:20:02,000",ERROR,OrderProcessor,Error occurred in OrderProcessor - session_id=SES863
"2025-07-07 11:20:03,000",WARN,PaymentService,Potential issue detected in PaymentService - session_id=SES671
"2025-07-07 11:20:05,000",INFO,AnalyticsService,AnalyticsService completed successfully - session_id=SES671
"2025-07-07 11:20:07,000",INFO,NotificationService,NotificationService completed successfully - session_id=SES671
"2025-07-07 11:20:09,000",INFO,CacheLayer,CacheLayer completed successfully - session_id=SES671
"2025-07-07 11:20:11,000",INFO,NotificationService,NotificationService completed successfully - session_id=SES671
"2025-07-07 11:20:12,000",ERROR,ReportGenerator,Error occurred in ReportGenerator - session_id=SES671
"2025-07-07 11:20:14,000",INFO,InventoryService,InventoryService completed successfully - session_id=SES985
"2025-07-07 11:20:15,000",INFO,ReportGenerator,ReportGenerator completed successfully - session_id=SES985
"2025-07-07 11:20:17,000",WARN,Database,Potential issue detected in Database - session_id=SES985
"2025-07-07 11:20:19,000",ERROR,InventoryService,Error occurred in InventoryService - session_id=SES985
"2025-07-07 11:20:20,000",WARN,AuthService,Potential issue detected in AuthService - session_id=SES223
"2025-07-07 11:20:21,000",INFO,AuthService,AuthService completed successfully - session_id=SES223
"2025-07-07 11:20:24,000",INFO,AuthService,AuthService completed successfully - session_id=SES223
"2025-07-07 11:20:27,000",ERROR,OrderProcessor,Error occurred in OrderProcessor - session_id=SES223
"2025-07-07 11:20:29,000",INFO,ShippingService,ShippingService completed successfully - session_id=SES800
"2025-07-07 11:20:31,000",INFO,OrderProcessor,OrderProcessor completed successfully - session_id=SES800
"2025-07-07 11:20:32,000",INFO,OrderProcessor,OrderProcessor completed successfully - session_id=SES800
"2025-07-07 11:20:33,000",INFO,ReportGenerator,ReportGenerator completed successfully - session_id=SES800
"2025-07-07 11:20:35,000",INFO,NotificationService,NotificationService completed successfully - session_id=SES800
"2025-07-07 11:20:38,000",INFO,OrderProcessor,OrderProcessor completed successfully - session_id=SES789
"2025-07-07 11:20:41,000",INFO,OrderProcessor,OrderProcessor completed successfully - session_id=SES789
"2025-07-07 11:20:43,000",INFO,SearchService,SearchService completed successfully - session_id=SES789
"2025-07-07 11:20:44,000",INFO,PaymentService,PaymentService completed successfully - session_id=SES789
"2025-07-07 11:20:45,000",INFO,SearchService,SearchService completed successfully - session_id=SES789
"2025-07-07 11:20:48,000",INFO,UserService,UserService completed successfully - session_id=SES789
"2025-07-07 11:20:51,000",INFO,AuthService,AuthService completed successfully - session_id=SES789
"2025-07-07 11:20:53,000",ERROR,PaymentService,Error occurred in PaymentService - session_id=SES789
"2025-07-07 11:20:56,000",INFO,RecommendationService,RecommendationService completed successfully - session_id=SES608
"2025-07-07 11:20:59,000",INFO,OrderProcessor,OrderProcessor completed successfully - session_id=SES608
"2025-07-07 11:21:01,000",INFO,SearchService,SearchService completed successfully - session_id=SES608
"2025-07-07 11:21:03,000",INFO,OrderProcessor,OrderProcessor completed successfully - session_id=SES608
"2025-07-07 11:21:06,000",INFO,AuthService,AuthService completed successfully - session_id=SES608
"2025-07-07 11:21:08,000",INFO,ReportGenerator,ReportGenerator completed successfully - session_id=SES608
"2025-07-07 11:21:10,000",ERROR,SearchService,Error occurred in SearchService - session_id=SES608
"2025-07-07 11:21:13,000",WARN,NotificationService,Potential issue detected in NotificationService - session_id=SES818
"2025-07-07 11:21:15,000",WARN,CacheLayer,Potential issue detected in CacheLayer - session_id=SES818
"2025-07-07 11:21:17,000",INFO,OrderProcessor,OrderProcessor completed successfully - session_id=SES818
"2025-07-07 11:21:18,000",ERROR,ShippingService,Error occurred in ShippingService - session_id=SES818
"2025-07-07 11:21:20,000",WARN,UserService,Potential issue detected in UserService - session_id=SES938
"2025-07-07 11:21:23,000",INFO,InventoryService,InventoryService completed successfully - session_id=SES938
"2025-07-07 11:21:24,000",WARN,NotificationService,Potential issue detected in NotificationService - session_id=SES938
"2025-07-07 11:21:26,000",WARN,PaymentService,Potential issue detected in PaymentService - session_id=SES938
"2025-07-07 11:21:27,000",INFO,NotificationService,NotificationService completed successfully - session_id=SES938
"2025-07-07 11:21:30,000",INFO,RecommendationService,RecommendationService completed successfully - session_id=SES938
"2025-07-07 11:21:31,000",INFO,AnalyticsService,AnalyticsService completed successfully - session_id=SES938
"2025-07-07 11:21:34,000",ERROR,Database,Error occurred in Database - session_id=SES938
"2025-07-07 11:21:35,000",WARN,AuthService,Potential issue detected in AuthService - session_id=SES313
"2025-07-07 11:21:38,000",INFO,NotificationService,NotificationService completed successfully - session_id=SES313
"2025-07-07 11:21:39,000",WARN,ReportGenerator,Potential issue detected in ReportGenerator - session_id=SES313
"2025-07-07 11:21:41,000",INFO,AnalyticsService,AnalyticsService completed successfully - session_id=SES313
"2025-07-07 11:21:43,000",ERROR,PaymentService,Error occurred in PaymentService - session_id=SES313
"2025-07-07 11:21:44,000",INFO,RecommendationService,RecommendationService completed successfully - session_id=SES175
"2025-07-07 11:21:47,000",INFO,ReportGenerator,ReportGenerator completed successfully - session_id=SES175
"2025-07-07 11:21:48,000",WARN,InventoryService,Potential issue detected in InventoryService - session_id=SES175
"2025-07-07 11:21:50,000",INFO,InventoryService,InventoryService completed successfully - session_id=SES175
"2025-07-07 11:21:51,000",INFO,AnalyticsService,AnalyticsService completed successfully - session_id=SES175
"2025-07-07 11:21:52,000",INFO,ShippingService,ShippingService completed successfully - session_id=SES175
"2025-07-07 11:21:54,000",INFO,CacheLayer,CacheLayer completed successfully - session_id=SES673
"2025-07-07 11:21:57,000",WARN,CacheLayer,Potential issue detected in CacheLayer - session_id=SES673
"2025-07-07 11:21:59,000",INFO,OrderProcessor,OrderProcessor completed successfully - session_id=SES673
"2025-07-07 11:22:01,000",INFO,AuthService,AuthService completed successfully - session_id=SES673
"2025-07-07 11:22:02,000",INFO,SearchService,SearchService completed successfully - session_id=SES809
"2025-07-07 11:22:05,000",INFO,OrderProcessor,OrderProcessor completed successfully - session_id=SES809
"2025-07-07 11:22:07,000",INFO,AnalyticsService,AnalyticsService completed successfully - session_id=SES809
"2025-07-07 11:22:10,000",INFO,AnalyticsService,AnalyticsService completed successfully - session_id=SES809
"2025-07-07 11:22:11,000",INFO,PaymentService,PaymentService completed successfully - session_id=SES809
"2025-07-07 11:22:14,000",INFO,PaymentService,PaymentService completed successfully - session_id=SES415
"2025-07-07 11:22:15,000",WARN,ShippingService,Potential issue detected in ShippingService - session_id=SES415
"2025-07-07 11:22:16,000",INFO,AuthService,AuthService completed successfully - session_id=SES415
"2025-07-07 11:22:18,000",INFO,AnalyticsService,AnalyticsService completed successfully - session_id=SES415
"2025-07-07 11:22:20,000",ERROR,SearchService,Error occurred in SearchService - session_id=SES415
"2025-07-07 11:22:21,000",WARN,ReportGenerator,Potential issue detected in ReportGenerator - session_id=SES868
"2025-07-07 11:22:22,000",INFO,Database,Database completed successfully - session_id=SES868
"2025-07-07 11:22:24,000",INFO,UserService,UserService completed successfully - session_id=SES868
"2025-07-07 11:22:26,000",INFO,InventoryService,InventoryService completed successfully - session_id=SES868
"2025-07-07 11:22:27,000",INFO,CacheLayer,CacheLayer completed successfully - session_id=SES868
"2025-07-07 11:22:29,000",INFO,PaymentService,PaymentService completed successfully - session_id=SES868
"2025-07-07 11:22:31,000",INFO,ShippingService,ShippingService completed successfully - session_id=SES868
"2025-07-07 11:22:34,000",INFO,RecommendationService,RecommendationService completed successfully - session_id=SES537
"2025-07-07 11:22:37,000",WARN,Database,Potential issue detected in Database - session_id=SES537
"2025-07-07 11:22:40,000",WARN,NotificationService,Potential issue detected in NotificationService - session_id=SES537
"2025-07-07 11:22:42,000",WARN,PaymentService,Potential issue detected in PaymentService - session_id=SES537
"2025-07-07 11:22:45,000",INFO,ShippingService,ShippingService completed successfully - session_id=SES537
"2025-07-07 11:22:46,000",INFO,UserService,UserService completed successfully - session_id=SES537
"2025-07-07 11:22:48,000",INFO,AuthService,AuthService completed successfully - session_id=SES189
"2025-07-07 11:22:51,000",WARN,ShippingService,Potential issue detected in ShippingService - session_id=SES189
"2025-07-07 11:22:54,000",INFO,Database,Database completed successfully - session_id=SES189
"2025-07-07 11:22:55,000",ERROR,PaymentService,Error occurred in PaymentService - session_id=SES189
"2025-07-07 11:22:57,000",INFO,RecommendationService,RecommendationService completed successfully - session_id=SES290
"2025-07-07 11:22:58,000",INFO,Database,Database completed successfully - session_id=SES290
"2025-07-07 11:23:01,000",INFO,ReportGenerator,ReportGenerator completed successfully - session_id=SES290
"2025-07-07 11:23:03,000",INFO,AuthService,AuthService completed successfully - session_id=SES290
"2025-07-07 11:23:05,000",INFO,OrderProcessor,OrderProcessor completed successfully - session_id=SES460
"2025-07-07 11:23:08,000",INFO,ReportGenerator,ReportGenerator completed successfully - session_id=SES460
"2025-07-07 11:23:11,000",INFO,AuthService,AuthService completed successfully - session_id=SES460
"2025-07-07 11:23:12,000",INFO,Database,Database completed successfully - session_id=SES460
"2025-07-07 11:23:15,000",INFO,AuthService,AuthService completed successfully - session_id=SES460
"2025-07-07 11:23:17,000",WARN,Database,Potential issue detected in Database - session_id=SES740
"2025-07-07 11:23:18,000",INFO,AuthService,AuthService completed successfully - session_id=SES740
"2025-07-07 11:23:19,000",INFO,ShippingService,ShippingService completed successfully - session_id=SES740
"2025-07-07 11:23:21,000",WARN,NotificationService,Potential issue detected in NotificationService - session_id=SES740
"2025-07-07 11:23:24,000",INFO,ShippingService,ShippingService completed successfully - session_id=SES740
"2025-07-07 11:23:27,000",INFO,NotificationService,NotificationService completed successfully - session_id=SES747
"2025-07-07 11:23:28,000",INFO,RecommendationService,RecommendationService completed successfully - session_id=SES747
"2025-07-07 11:23:29,000",INFO,SearchService,SearchService completed successfully - session_id=SES747
"2025-07-07 11:23:31,000",INFO,Database,Database completed successfully - session_id=SES747
"2025-07-07 11:23:33,000",INFO,UserService,UserService completed successfully - session_id=SES747
"2025-07-07 11:23:36,000",ERROR,InventoryService,Error occurred in InventoryService - session_id=SES747
"2025-07-07 11:23:39,000",INFO,AnalyticsService,AnalyticsService completed successfully - session_id=SES178
"2025-07-07 11:23:42,000",WARN,AnalyticsService,Potential issue detected in AnalyticsService - session_id=SES178
"2025-07-07 11:23:43,000",WARN,CacheLayer,Potential issue detected in CacheLayer - session_id=SES178
"2025-07-07 11:23:45,000",INFO,ReportGenerator,ReportGenerator completed successfully - session_id=SES178
"2025-07-07 11:23:47,000",INFO,CacheLayer,CacheLayer completed successfully - session_id=SES178
"2025-07-07 11:23:49,000",INFO,UserService,UserService completed successfully - session_id=SES178
"2025-07-07 11:23:50,000",WARN,CacheLayer,Potential issue detected in CacheLayer - session_id=SES201
"2025-07-07 11:23:52,000",WARN,OrderProcessor,Potential issue detected in OrderProcessor - session_id=SES201
"2025-07-07 11:23:53,000",INFO,UserService,UserService completed successfully - session_id=SES201
"2025-07-07 11:23:55,000",WARN,CacheLayer,Potential issue detected in CacheLayer - session_id=SES201
"2025-07-07 11:23:56,000",INFO,PaymentService,PaymentService completed successfully - session_id=SES201
"2025-07-07 11:23:58,000",WARN,UserService,Potential issue detected in UserService - session_id=SES201
"2025-07-07 11:23:59,000",INFO,InventoryService,InventoryService completed successfully - session_id=SES201
"2025-07-07 11:24:00,000",ERROR,UserService,Error occurred in UserService - session_id=SES201
"2025-07-07 11:24:01,000",WARN,Database,Potential issue detected in Database - session_id=SES375
"2025-07-07 11:24:04,000",INFO,InventoryService,InventoryService completed successfully - session_id=SES375
"2025-07-07 11:24:06,000",INFO,AuthService,AuthService completed successfully - session_id=SES375
"2025-07-07 11:24:08,000",INFO,RecommendationService,RecommendationService completed successfully - session_id=SES375
"2025-07-07 11:24:10,000",WARN,PaymentService,Potential issue detected in PaymentService - session_id=SES375
"2025-07-07 11:24:12,000",ERROR,UserService,Error occurred in UserService - session_id=SES375
"2025-07-07 11:24:15,000",WARN,UserService,Potential issue detected in UserService - session_id=SES813
"2025-07-07 11:24:18,000",INFO,SearchService,SearchService completed successfully - session_id=SES813
"2025-07-07 11:24:21,000",INFO,ReportGenerator,ReportGenerator completed successfully - session_id=SES813
"2025-07-07 11:24:22,000",INFO,ReportGenerator,ReportGenerator completed successfully - session_id=SES813
"2025-07-07 11:24:23,000",ERROR,Database,Error occurred in Database - session_id=SES813
"2025-07-07 11:24:26,000",INFO,AuthService,AuthService completed successfully - session_id=SES474
"2025-07-07 11:24:29,000",WARN,ReportGenerator,Potential issue detected in ReportGenerator - session_id=SES474
"2025-07-07 11:24:32,000",WARN,CacheLayer,Potential issue detected in CacheLayer - session_id=SES474
"2025-07-07 11:24:33,000",INFO,ShippingService,ShippingService completed successfully - session_id=SES474
"2025-07-07 11:24:34,000",ERROR,OrderProcessor,Error occurred in OrderProcessor - session_id=SES474
"2025-07-07 11:24:37,000",WARN,OrderProcessor,Potential issue detected in OrderProcessor - session_id=SES770
"2025-07-07 11:24:38,000",WARN,NotificationService,Potential issue detected in NotificationService - session_id=SES770
"2025-07-07 11:24:40,000",INFO,OrderProcessor,OrderProcessor completed successfully - session_id=SES770
"2025-07-07 11:24:42,000",INFO,InventoryService,InventoryService completed successfully - session_id=SES770
"2025-07-07 11:24:44,000",INFO,ReportGenerator,ReportGenerator completed successfully - session_id=SES770
"2025-07-07 11:24:46,000",INFO,AnalyticsService,AnalyticsService completed successfully - session_id=SES770
"2025-07-07 11:24:49,000",ERROR,Database,Error occurred in Database - session_id=SES770
"2025-07-07 11:24:52,000",INFO,OrderProcessor,OrderProcessor completed successfully - session_id=SES151
"2025-07-07 11:24:53,000",INFO,NotificationService,NotificationService completed successfully - session_id=SES151
"2025-07-07 11:24:55,000",INFO,ReportGenerator,ReportGenerator completed successfully - session_id=SES151
"2025-07-07 11:24:56,000",INFO,SearchService,SearchService completed successfully - session_id=SES151
"2025-07-07 11:24:59,000",INFO,ReportGenerator,ReportGenerator completed successfully - session_id=SES151
"2025-07-07 11:25:02,000",INFO,UserService,UserService completed successfully - session_id=SES151
"2025-07-07 11:25:03,000",INFO,SearchService,SearchService completed successfully - session_id=SES151
"2025-07-07 11:25:06,000",ERROR,NotificationService,Error occurred in NotificationService - session_id=SES151
"2025-07-07 11:25:08,000",WARN,NotificationService,Potential issue detected in NotificationService - session_id=SES742
"2025-07-07 11:25:10,000",INFO,CacheLayer,CacheLayer completed successfully - session_id=SES742
"2025-07-07 11:25:12,000",INFO,NotificationService,NotificationService completed successfully - session_id=SES742
"2025-07-07 11:25:14,000",INFO,NotificationService,NotificationService completed successfully - session_id=SES742
"2025-07-07 11:25:16,000",WARN,CacheLayer,Potential issue detected in CacheLayer - session_id=SES434
"2025-07-07 11:25:17,000",WARN,InventoryService,Potential issue detected in InventoryService - session_id=SES434
"2025-07-07 11:25:19,000",INFO,InventoryService,InventoryService completed successfully - session_id=SES434
"2025-07-07 11:25:21,000",INFO,PaymentService,PaymentService completed successfully - session_id=SES434
"2025-07-07 11:25:22,000",WARN,ReportGenerator,Potential issue detected in ReportGenerator - session_id=SES937
"2025-07-07 11:25:25,000",INFO,ReportGenerator,ReportGenerator completed successfully - session_id=SES937
"2025-07-07 11:25:26,000",WARN,ReportGenerator,Potential issue detected in ReportGenerator - session_id=SES937
"2025-07-07 11:25:28,000",INFO,UserService,UserService completed successfully - session_id=SES937
"2025-07-07 11:25:29,000",INFO,OrderProcessor,OrderProcessor completed successfully - session_id=SES937
"2025-07-07 11:25:30,000",ERROR,PaymentService,Error occurred in PaymentService - session_id=SES937
"2025-07-07 11:25:31,000",INFO,AnalyticsService,AnalyticsService completed successfully - session_id=SES388
"2025-07-07 11:25:32,000",INFO,InventoryService,InventoryService completed successfully - session_id=SES388
"2025-07-07 11:25:35,000",WARN,Database,Potential issue detected in Database - session_id=SES388
"2025-07-07 11:25:38,000",INFO,Database,Database completed successfully - session_id=SES388
"2025-07-07 11:25:40,000",INFO,ShippingService,ShippingService completed successfully - session_id=SES388
"2025-07-07 11:25:43,000",INFO,PaymentService,PaymentService completed successfully - session_id=SES388
"2025-07-07 11:25:44,000",ERROR,UserService,Error occurred in UserService - session_id=SES388
"2025-07-07 11:25:47,000",WARN,RecommendationService,Potential issue detected in RecommendationService - session_id=SES132
"2025-07-07 11:25:50,000",WARN,PaymentService,Potential issue detected in PaymentService - session_id=SES132
"2025-07-07 11:25:51,000",WARN,OrderProcessor,Potential issue detected in OrderProcessor - session_id=SES132
"2025-07-07 11:25:54,000",WARN,CacheLayer,Potential issue detected in CacheLayer - session_id=SES132
"2025-07-07 11:25:55,000",INFO,UserService,UserService completed successfully - session_id=SES618
"2025-07-07 11:25:58,000",INFO,AnalyticsService,AnalyticsService completed successfully - session_id=SES618
"2025-07-07 11:26:01,000",WARN,ReportGenerator,Potential issue detected in ReportGenerator - session_id=SES618
"2025-07-07 11:26:03,000",INFO,UserService,UserService completed successfully - session_id=SES618
"2025-07-07 11:26:05,000",ERROR,ReportGenerator,Error occurred in ReportGenerator - session_id=SES618
"2025-07-07 11:26:08,000",INFO,CacheLayer,CacheLayer completed successfully - session_id=SES212
"2025-07-07 11:26:11,000",WARN,CacheLayer,Potential issue detected in CacheLayer - session_id=SES212
"2025-07-07 11:26:12,000",INFO,ShippingService,ShippingService completed successfully - session_id=SES212
"2025-07-07 11:26:15,000",ERROR,PaymentService,Error occurred in PaymentService - session_id=SES212
"2025-07-07 11:26:16,000",WARN,SearchService,Potential issue detected in SearchService - session_id=SES603
"2025-07-07 11:26:17,000",WARN,AuthService,Potential issue detected in AuthService - session_id=SES603
"2025-07-07 11:26:20,000",INFO,Database,Database completed successfully - session_id=SES603
"2025-07-07 11:26:23,000",INFO,PaymentService,PaymentService completed successfully - session_id=SES603
"2025-07-07 11:26:26,000",WARN,ReportGenerator,Potential issue detected in ReportGenerator - session_id=SES603
"2025-07-07 11:26:28,000",INFO,PaymentService,PaymentService completed successfully - session_id=SES603
"2025-07-07 11:26:29,000",INFO,AnalyticsService,AnalyticsService completed successfully - session_id=SES603
"2025-07-07 11:26:31,000",INFO,OrderProcessor,OrderProcessor completed successfully - session_id=SES246
"2025-07-07 11:26:32,000",INFO,Database,Database completed successfully - session_id=SES246
"2025-07-07 11:26:33,000",WARN,AnalyticsService,Potential issue detected in AnalyticsService - session_id=SES246
"2025-07-07 11:26:35,000",INFO,ShippingService,ShippingService completed successfully - session_id=SES246
"2025-07-07 11:26:37,000",INFO,Database,Database completed successfully - session_id=SES246
"2025-07-07 11:26:38,000",INFO,AuthService,AuthService completed successfully - session_id=SES610
"2025-07-07 11:26:41,000",INFO,UserService,UserService completed successfully - session_id=SES610
"2025-07-07 11:26:44,000",INFO,AnalyticsService,AnalyticsService completed successfully - session_id=SES610
"2025-07-07 11:26:47,000",INFO,InventoryService,InventoryService completed successfully - session_id=SES610
"2025-07-07 11:26:48,000",INFO,AuthService,AuthService completed successfully - session_id=SES610
"2025-07-07 11:26:50,000",WARN,Database,Potential issue detected in Database - session_id=SES610
"2025-07-07 11:26:51,000",WARN,SearchService,Potential issue detected in SearchService - session_id=SES797
"2025-07-07 11:26:53,000",INFO,PaymentService,PaymentService completed successfully - session_id=SES797
"2025-07-07 11:26:56,000",INFO,CacheLayer,CacheLayer completed successfully - session_id=SES797
"2025-07-07 11:26:58,000",WARN,RecommendationService,Potential issue detected in RecommendationService - session_id=SES797
"2025-07-07 11:27:01,000",INFO,ReportGenerator,ReportGenerator completed successfully - session_id=SES797
"2025-07-07 11:27:02,000",INFO,OrderProcessor,OrderProcessor completed successfully - session_id=SES797
"2025-07-07 11:27:05,000",INFO,NotificationService,NotificationService completed successfully - session_id=SES797
"2025-07-07 11:27:07,000",ERROR,UserService,Error occurred in UserService - session_id=SES797
"2025-07-07 11:27:09,000",INFO,AnalyticsService,AnalyticsService completed successfully - session_id=SES953
"2025-07-07 11:27:12,000",INFO,CacheLayer,CacheLayer completed successfully - session_id=SES953
"2025-07-07 11:27:14,000",INFO,InventoryService,InventoryService completed successfully - session_id=SES953
"2025-07-07 11:27:17,000",INFO,PaymentService,PaymentService completed successfully - session_id=SES953
"2025-07-07 11:27:18,000",INFO,CacheLayer,CacheLayer completed successfully - session_id=SES953
"2025-07-07 11:27:20,000",INFO,SearchService,SearchService completed successfully - session_id=SES953
"2025-07-07 11:27:23,000",INFO,PaymentService,PaymentService completed successfully - session_id=SES953
"2025-07-07 11:27:26,000",ERROR,Database,Error occurred in Database - session_id=SES953
"2025-07-07 11:27:27,000",INFO,ShippingService,ShippingService completed successfully - session_id=SES702
"2025-07-07 11:27:29,000",INFO,RecommendationService,RecommendationService completed successfully - session_id=SES702
"2025-07-07 11:27:31,000",WARN,UserService,Potential issue detected in UserService - session_id=SES702
"2025-07-07 11:27:34,000",INFO,InventoryService,InventoryService completed successfully - session_id=SES702
"2025-07-07 11:27:37,000",INFO,Database,Database completed successfully - session_id=SES702
"2025-07-07 11:27:39,000",INFO,SearchService,SearchService completed successfully - session_id=SES702
"2025-07-07 11:27:40,000",INFO,UserService,UserService completed successfully - session_id=SES702
"2025-07-07 11:27:43,000",ERROR,SearchService,Error occurred in SearchService - session_id=SES702