time,level,service,msg
"2025-07-04T10:00:12,145",INFO,AuthService,"User login successful - user_id=2021, ip=10.0.0.1"
"2025-07-04T10:01:07,231",ERROR,PaymentService,"Payment declined - order_id=87654, user_id=2021, error=CardExpired"
"2025-07-04T10:02:35,568",WARNING,Database,"High memory usage detected - usage=92%, query=INSERT INTO sessions (user_id, token) VALUES (?, ?)"
"2025-07-04T10:03:21,904",INFO,APIGateway,"Request received - endpoint=/api/v2/cart, method=POST, user_id=2022"
"2025-07-04T10:04:44,389",ERROR,InventoryService,"Low stock alert - product_id=112233, remaining_quantity=2"
"2025-07-04T10:05:58,762",INFO,EmailService,"Notification email sent - to=user2021@example.com, template=PasswordChangeAlert"
"2025-07-04T10:06:23,091",ERROR,AuthService,"Login failed - user_id=2023, reason=AccountLocked, ip=10.0.0.5"
"2025-07-04T10:07:49,384",INFO,PaymentService,"Payment processed - order_id=87655, user_id=2022, amount=150.00"
"2025-07-04T10:08:42,657",DEBUG,Database,"Query performance metrics - avg_query_time=210ms, active_connections=15"
"2025-07-04T10:09:55,128",ERROR,APIGateway,"Request timeout - endpoint=/api/v2/orders, timeout=30s"
"2025-07-04T10:10:33,674",INFO,InventoryService,"Inventory adjusted - product_id=112233, adjustment=-5, new_quantity=150"
"2025-07-04T10:11:27,452",WARNING,EmailService,"Email queue delay - queue_size=47, average_wait=5m"
"2025-07-04T10:12:39,289",INFO,AuthService,"Two-factor authentication enabled - user_id=2022, ip=10.0.0.7"
"2025-07-04T10:13:58,745",DEBUG,PaymentService,"External gateway response - gateway=PayPal, response_time=350ms"
"2025-07-04T10:14:46,013",ERROR,Database,"Connection lost - replica=node2, duration=18s"
"2025-07-04T10:15:35,521",INFO,AuthService,"User password changed - user_id=2024, ip=10.0.0.9"
"2025-07-04T10:16:19,008",ERROR,PaymentService,"Fraud detection triggered - order_id=87656, user_id=2025, reason=VelocityLimitExceeded"
"2025-07-04T10:17:47,903",INFO,APIGateway,"Request processed - endpoint=/api/v2/payments, method=POST, status=200, user_id=2022"
"2025-07-04T10:18:34,726",DEBUG,Database,"Deadlock detected - transaction_id=7765, involved_queries=2"
"2025-07-04T10:19:29,148",WARNING,InventoryService,"Product nearing expiration - product_id=445566, expiry_date=2025-07-10"
"2025-07-04T10:20:51,632",INFO,EmailService,"Promotional email campaign launched - campaign_id=SUMMER25, recipients=15000"
"2025-07-04T10:21:13,983",ERROR,AuthService,"Unauthorized access attempt - ip=10.0.0.12, endpoint=/admin/config"
"2025-07-04T10:22:37,596",INFO,PaymentService,"Refund issued - order_id=87654, user_id=2021, amount=45.00"
"2025-07-04T10:23:14,310",DEBUG,Database,"Index optimization completed - table=sessions, duration=22s"
"2025-07-04T10:24:45,901",ERROR,APIGateway,"Upstream service unavailable - endpoint=/api/v2/shipping, service=ShippingService"
"2025-07-04T10:25:27,409",INFO,InventoryService,"New shipment received - product_id=112233, quantity=500"
"2025-07-04T10:26:53,212",WARNING,EmailService,"Email bounce detected - to=user2023@example.com, reason=MailboxFull"
"2025-07-04T10:27:40,577",INFO,AuthService,"User logged out - user_id=2022, ip=10.0.0.7"
"2025-07-04T10:28:31,063",ERROR,PaymentService,"Payment gateway timeout - gateway=Stripe, timeout=15s"
"2025-07-04T10:29:15,830",DEBUG,Database,"Cache hit ratio - value=87.3%, cache_size=512MB"
"2025-07-04T10:30:42,155",INFO,APIGateway,Health check passed - endpoint=/health
"2025-07-04T10:31:58,924",ERROR,InventoryService,"Inventory mismatch detected - product_id=445566, expected=200, actual=197"
"2025-07-04T10:32:26,648",INFO,EmailService,System notification dispatched - message=System maintenance scheduled at 02:00 AM UTC
"2025-07-04T10:33:17,981",WARNING,AuthService,"Multiple failed login attempts - user_id=2026, ip=10.0.0.14, attempts=5"
"2025-07-04T10:34:22,409",INFO,PaymentService,"Payment verification completed - order_id=87657, user_id=2027, status=Verified"
"2025-07-04T10:35:47,562",DEBUG,Database,"Table analysis summary - table=products, row_count=125000"
"2025-07-04T10:36:59,034",ERROR,APIGateway,"Payload too large - endpoint=/api/v2/uploads, payload_size=55MB"
"2025-07-04T10:37:44,278",INFO,InventoryService,"Stock transfer recorded - from=WarehouseA, to=WarehouseB, product_id=112233, quantity=300"
"2025-07-04T10:38:21,965",WARNING,EmailService,"High unsubscribe rate detected - campaign_id=SUMMER25, unsubscribe_rate=8.5%"
"2025-07-04T10:39:32,704",INFO,AuthService,"Security question updated - user_id=2028, ip=10.0.0.18"
"2025-07-04T10:40:10,458",ERROR,PaymentService,"Duplicate transaction detected - order_id=87658, user_id=2029, transaction_id=TXN998877"
"2025-07-04T10:41:53,291",DEBUG,Database,"Replication lag detected - replica=node3, lag_seconds=12"
"2025-07-04T10:42:17,621",INFO,APIGateway,"Service latency report - endpoint=/api/v2/products, avg_latency=320ms"
"2025-07-04T10:43:04,853",ERROR,InventoryService,"Failed to reserve stock - product_id=556677, order_id=87659, reason=InsufficientStock"
"2025-07-04T10:44:18,157",INFO,EmailService,"Email preferences updated - user_id=2030, new_subscription=Promotions"
"2025-07-04T10:45:26,489",WARNING,AuthService,"Session hijacking attempt detected - user_id=2031, ip=10.0.0.20, location=Mismatched"
"2025-07-04T10:46:53,284",INFO,PaymentService,"Payment retried successfully - order_id=87660, user_id=2032, amount=210.00"
"2025-07-04T10:47:39,985",DEBUG,Database,"Lock contention observed - lock_type=RowLock, wait_time=18ms"
"2025-07-04T10:48:27,154",ERROR,APIGateway,"Authentication token expired - endpoint=/api/v2/profile, user_id=2033"
"2025-07-04T10:49:53,416",INFO,InventoryService,"Product restocked - product_id=112233, new_quantity=700"
"2025-07-04T10:50:37,829",WARNING,EmailService,"Delivery delay - to=user2034@example.com, reason=RateLimitExceeded"
"2025-07-04T10:51:29,112",INFO,AuthService,"Password reset completed - user_id=2035, ip=10.0.0.21"
"2025-07-04T10:52:47,376",ERROR,PaymentService,"Currency conversion error - order_id=87661, user_id=2036, from=USD, to=JPY, rate=N/A"
"2025-07-04T10:53:38,245",DEBUG,Database,"Full backup completed - duration=2h45m, size=85GB"
"2025-07-04T10:54:22,983",INFO,APIGateway,"New API version deployed - version=v2.5.1, changes=SecurityPatches"
"2025-07-04T10:55:14,319",ERROR,InventoryService,"Warehouse sync failed - warehouse_id=WHS003, error=TimeoutDuringSync"
"2025-07-04T10:56:07,468",INFO,EmailService,"Weekly digest email sent - to=user2037@example.com, digest_type=ActivitySummary"
"2025-07-04T10:57:52,205",WARNING,AuthService,"Password strength insufficient - user_id=2038, password_length=6"
"2025-07-04T10:58:43,795",INFO,PaymentService,"Payment method added - user_id=2039, method=Visa **** 1234"
"2025-07-04T10:59:29,037",DEBUG,Database,Query cache flushed - reason=MemoryThresholdExceeded
"2025-07-04T11:00:12,845",ERROR,APIGateway,"Rate limit exceeded - endpoint=/api/v2/checkout, user_id=2040"
"2025-07-04T11:01:55,617",INFO,InventoryService,"New product added - product_id=778899, name=""Wireless Headphones"", category=Electronics"
"2025-07-04T11:02:48,301",WARNING,EmailService,"Invalid email address detected - to=user2041@example, reason=InvalidDomain"
"2025-07-04T11:03:32,957",INFO,AuthService,"Multi-factor authentication disabled - user_id=2042, ip=10.0.0.25"
"2025-07-04T11:04:21,684",ERROR,PaymentService,"Refund processing failed - order_id=87662, user_id=2043, error=OriginalTransactionNotFound"
"2025-07-04T11:05:16,328",DEBUG,Database,"Shard balancing completed - affected_shards=3, total_migrations=12"
"2025-07-04T11:06:04,902",INFO,APIGateway,"API request throttled - endpoint=/api/v2/reports, user_id=2044, reason=HighRequestVolume"
"2025-07-04T11:07:13,750",ERROR,InventoryService,"Supplier integration error - supplier_id=SUPP202, error=AuthenticationFailure"
"2025-07-04T11:08:27,046",INFO,EmailService,"System alert email sent - to=admin@example.com, alert_type=HighCPUUsage"
"2025-07-04T11:09:34,872",WARNING,AuthService,"Suspicious IP detected - user_id=2045, ip=203.0.113.45, location=UnknownRegion"
"2025-07-04T11:10:22,319",INFO,PaymentService,"Invoice generated - invoice_id=INV998877, user_id=2046, amount=450.00"
"2025-07-04T11:11:58,046",DEBUG,Database,"Query plan cached - query=""SELECT * FROM products WHERE category = 'Electronics'"", cache_key=QP123456"
"2025-07-04T11:12:44,670",ERROR,APIGateway,"Invalid API key provided - endpoint=/api/v2/admin, ip=10.0.0.30"
"2025-07-04T11:13:37,213",INFO,InventoryService,"Product discontinued - product_id=445566, name=""Vintage Camera"""
"2025-07-04T11:14:19,805",WARNING,EmailService,"Attachment size limit exceeded - to=user2047@example.com, attachment_size=28MB"
"2025-07-04T11:15:57,458",INFO,AuthService,"Device registered - user_id=2048, device_id=DEV123456, platform=iOS"
"2025-07-04T11:16:45,689",ERROR,PaymentService,"Payment authorization failed - order_id=87663, user_id=2049, reason=3DSAuthenticationRequired"
"2025-07-04T11:17:36,102",DEBUG,Database,"Auto-vacuum completed - table=sessions, reclaimed_space=1.2GB"
"2025-07-04T11:18:24,974",INFO,APIGateway,"API cache warmed - endpoint=/api/v2/categories, cache_duration=15m"
"2025-07-04T11:19:48,320",ERROR,InventoryService,"Order fulfillment error - order_id=87664, product_id=556677, reason=InvalidShippingAddress"
"2025-07-04T11:20:53,872",INFO,EmailService,"SMS notification sent - to=+15551234567, message_type=DeliveryUpdate"
"2025-07-04T11:21:37,415",WARNING,AuthService,"Deprecated API version in use - user_id=2050, version=v1.0"
"2025-07-04T11:22:11,986",INFO,PaymentService,"Chargeback recorded - order_id=87665, user_id=2051, amount=199.99"
"2025-07-04T11:23:56,428",DEBUG,Database,"Index rebuild scheduled - table=orders, expected_duration=4h"
"2025-07-04T11:24:49,615",ERROR,APIGateway,"Missing required parameters - endpoint=/api/v2/returns, parameters=[""order_id"", ""reason""]"
"2025-07-04T11:25:36,012",INFO,InventoryService,"Stock audit completed - warehouse_id=WHS004, discrepancies_found=3"
"2025-07-04T11:26:42,837",WARNING,EmailService,High latency detected in outbound SMTP - latency=12s
"2025-07-04T11:27:28,493",INFO,AuthService,"Terms of service accepted - user_id=2052, timestamp=2025-07-04T11:27:28Z"
"2025-07-04T11:28:19,178",ERROR,PaymentService,"Payment capture declined - order_id=87666, user_id=2053, reason=InsufficientCardLimit"
"2025-07-04T11:29:07,654",DEBUG,Database,Temporary table cleanup completed - tables_dropped=4
"2025-07-04T11:30:01,238",INFO,APIGateway,"API gateway performance report generated - avg_latency=215ms, error_rate=1.2%"
"2025-07-04T11:31:15,927",ERROR,InventoryService,"Return processing failed - return_id=RET123456, error=MissingRMAApproval"
"2025-07-04T11:32:07,542",INFO,EmailService,"Email template updated - template_id=TPL789101, updated_by=admin"
"2025-07-04T11:33:22,865",WARNING,AuthService,"Concurrent login detected - user_id=2054, devices=2, ip=10.0.0.31"
"2025-07-04T11:34:05,482",INFO,PaymentService,"Payment confirmation sent - order_id=87667, user_id=2055, method=Mastercard **** 4321"
"2025-07-04T11:35:14,783",DEBUG,Database,Connection pool rebalanced - new_pool_size=20
"2025-07-04T11:36:02,946",ERROR,APIGateway,"Service dependency failure - endpoint=/api/v2/recommendations, dependency=RecommendationService"
"2025-07-04T11:37:27,514",INFO,InventoryService,Inventory valuation completed - total_value=1.25M USD
"2025-07-04T11:38:41,759",WARNING,EmailService,"DMARC failure reported - domain=example.com, policy=quarantine"
"2025-07-04T11:39:26,031",INFO,AuthService,"Recovery code generated - user_id=2056, method=SMS"
"2025-07-04T11:40:13,694",ERROR,PaymentService,"Payment refund failed - order_id=87668, user_id=2057, reason=AccountClosed"
"2025-07-04T11:41:55,308",DEBUG,Database,"Connection leak detected - connection_id=CONN456789, open_duration=15m"
"2025-07-04T11:42:47,156",INFO,APIGateway,"API usage report exported - period=Last30Days, total_requests=1.5M"
"2025-07-04T11:43:32,482",ERROR,InventoryService,"Inventory threshold breach - product_id=889900, threshold=10, current_stock=8"
"2025-07-04T11:44:27,194",INFO,EmailService,User opted out from marketing emails - user_id=2058
"2025-07-04T11:45:18,637",WARNING,AuthService,"Brute force attack detected - ip=198.51.100.23, attempts=25"
"2025-07-04T11:46:03,985",INFO,PaymentService,"Payment dispute resolved - dispute_id=DISP112233, user_id=2059, resolution=InFavorOfMerchant"
"2025-07-04T11:47:27,058",DEBUG,Database,Database vacuum initiated - table=transactions
"2025-07-04T11:48:12,374",ERROR,APIGateway,Request dropped due to malformed payload - endpoint=/api/v2/products
"2025-07-04T11:49:01,612",INFO,InventoryService,"Supplier order placed - supplier_id=SUPP203, order_id=SUPPORD456, total_amount=42000.00"
"2025-07-04T11:50:14,038",WARNING,EmailService,"Email rate limit nearing maximum - current_rate=480 emails/min, limit=500"
"2025-07-04T11:51:32,591",INFO,AuthService,"Biometric authentication enabled - user_id=2060, device_id=DEV654321"
"2025-07-04T11:52:17,865",ERROR,PaymentService,"Tax calculation error - order_id=87669, user_id=2061, error=InvalidTaxRegion"
"2025-07-04T11:53:43,512",DEBUG,Database,Foreign key constraint check completed - table=order_items
"2025-07-04T11:54:29,784",INFO,APIGateway,API schema validation passed - endpoint=/api/v2/analytics
"2025-07-04T11:55:36,197",ERROR,InventoryService,"Stock reconciliation discrepancy - warehouse_id=WHS005, product_id=112233, variance=5 units"
"2025-07-04T11:56:22,908",INFO,EmailService,"Feedback survey email sent - to=user2062@example.com, survey_id=FB2025"
"2025-07-04T11:57:18,459",WARNING,AuthService,"User account flagged for unusual spending - user_id=2063, amount=9500.00"
"2025-07-04T11:58:04,315",INFO,PaymentService,"Payment retry scheduled - order_id=87670, user_id=2064, retry_in=2h"
"2025-07-04T11:59:53,208",DEBUG,Database,Query optimizer stats refreshed - affected_tables=4
"2025-07-04T12:00:42,654",ERROR,APIGateway,"Unsupported media type - endpoint=/api/v2/uploads, content_type=text/plain"
"2025-07-04T12:01:37,925",INFO,InventoryService,"Product recall initiated - product_id=778899, recall_reason=SafetyIssue"
"2025-07-04T12:02:14,783",WARNING,EmailService,"Multiple delivery failures detected - count=12, interval=30m"
"2025-07-04T12:03:56,441",INFO,AuthService,"Security settings updated - user_id=2065, updated_fields=[""password"",""2fa""]"
"2025-07-04T12:04:48,306",ERROR,PaymentService,"Cross-border transaction blocked - order_id=87671, user_id=2066, reason=GeoRestriction"
"2025-07-04T12:05:32,879",DEBUG,Database,"Connection pool saturation warning - pool_size=25, active_connections=24"
"2025-07-04T12:06:29,137",INFO,APIGateway,CDN cache cleared - endpoint=/api/v2/media
"2025-07-04T12:07:18,984",ERROR,InventoryService,"Failed to update product details - product_id=556677, error=ValidationError"
"2025-07-04T12:08:44,572",INFO,EmailService,Birthday greeting email sent - to=user2067@example.com
"2025-07-04T12:09:53,819",WARNING,AuthService,"Login attempt from deprecated app version - user_id=2068, app_version=1.2.0"
"2025-07-04T12:10:41,054",INFO,PaymentService,"Bulk transaction export completed - records=4500, format=CSV"
"2025-07-04T12:11:33,907",DEBUG,Database,"Read replica synchronization completed - replica=node4, sync_lag=0s"
"2025-07-04T12:12:25,670",ERROR,APIGateway,"API key revoked - endpoint=/api/v2/partners, revoked_key=APIKEY9988"
"2025-07-04T12:13:57,249",INFO,InventoryService,"New supplier onboarded - supplier_id=SUPP204, name=""Global Tech Supplies"""
"2025-07-04T12:14:43,108",WARNING,EmailService,"High spam complaint rate detected - rate=3.1%, campaign_id=SPRINGSALE"
"2025-07-04T12:15:28,361",INFO,AuthService,Session expiration policy updated - timeout=45 minutes
"2025-07-04T12:16:17,845",ERROR,PaymentService,"Payment settlement error - order_id=87672, user_id=2069, reason=NetworkDisruption"
"2025-07-04T12:17:46,502",DEBUG,Database,"Shard health check passed - healthy_shards=6, degraded_shards=0"
"2025-07-04T12:18:37,950",INFO,APIGateway,"Feature toggle activated - feature=""FastCheckout"", user_segment=""BetaTesters"""
"2025-07-04T12:19:24,614",ERROR,InventoryService,"Duplicate SKU detected - product_id=889901, sku=""SKU112233"""
"2025-07-04T12:20:58,431",INFO,EmailService,Account verification email sent - to=user2070@example.com
"2025-07-04T12:21:47,158",WARNING,AuthService,"Excessive device registrations detected - user_id=2071, devices_registered=6"
"2025-07-04T12:22:34,902",INFO,PaymentService,"Payment method removed - user_id=2072, method=Amex **** 9876"
"2025-07-04T12:23:19,576",DEBUG,Database,"Query execution plan adjusted - query=""SELECT * FROM users WHERE last_login > ?"", optimizer_cost=120"
"2025-07-04T12:24:02,841",ERROR,APIGateway,"Quota exceeded - endpoint=/api/v2/reports, user_id=2073, quota_limit=1000 req/day"
"2025-07-04T12:25:44,293",INFO,InventoryService,"Seasonal promotion applied - product_id=778900, discount=15%"
"2025-07-04T12:26:38,765",WARNING,EmailService,"Email server storage nearing capacity - usage=89%, threshold=90%"
"2025-07-04T12:27:29,604",INFO,AuthService,"Recovery email sent - user_id=2074, email=user2074@example.com"
"2025-07-04T12:28:15,189",ERROR,PaymentService,"Unauthorized transaction attempt blocked - order_id=87673, user_id=2075, location=MismatchedRegion"
"2025-07-04T12:29:43,052",DEBUG,Database,"Data partitioning task completed - partitions_created=4, affected_rows=32000"
"2025-07-04T12:30:29,916",INFO,APIGateway,"Endpoint deprecation notice sent - endpoint=/api/v1/legacy, sunset_date=2025-09-01"
"2025-07-04T12:31:53,007",ERROR,InventoryService,"Product dimension mismatch - product_id=556678, recorded_weight=2.5kg, actual_weight=3.0kg"
"2025-07-04T12:32:42,458",INFO,EmailService,Subscription confirmation email sent - to=user2076@example.com
"2025-07-04T12:33:27,203",WARNING,AuthService,"Outdated encryption protocol detected - user_id=2077, protocol=TLS1.0"
"2025-07-04T12:34:13,389",INFO,PaymentService,"Installment plan activated - order_id=87674, user_id=2078, plan=6_months"
"2025-07-04T12:35:06,174",DEBUG,Database,"Column statistics gathered - table=products, columns=5"
"2025-07-04T12:36:15,906",ERROR,APIGateway,"Invalid webhook callback received - endpoint=/api/v2/webhooks, source_ip=192.0.2.45"
"2025-07-04T12:37:43,862",INFO,InventoryService,"New warehouse registered - warehouse_id=WHS006, location=""Seattle, WA"""
"2025-07-04T12:38:28,917",WARNING,EmailService,"TLS handshake timeout - mail_server=smtp.example.com, timeout=10s"
"2025-07-04T12:39:14,543",INFO,AuthService,"Security PIN changed - user_id=2079, ip=10.0.0.35"
"2025-07-04T12:40:56,481",ERROR,PaymentService,"Merchant settlement delay - merchant_id=M12345, reason=BankHoliday"
"2025-07-04T12:41:43,215",DEBUG,Database,"Cluster failover test completed - result=Success, failover_duration=35s"
"2025-07-04T12:42:57,194",INFO,APIGateway,Request rate normalization activated - endpoint=/api/v2/feeds
"2025-07-04T12:43:48,360",ERROR,InventoryService,"Missing barcode on shipment - shipment_id=SHIP998877, product_id=889902"
"2025-07-04T12:44:39,215",INFO,EmailService,"Admin broadcast email sent - subject=""System Maintenance Reminder"", recipients=AllAdmins"
"2025-07-04T12:45:22,098",WARNING,AuthService,"Suspicious API key usage - api_key=APIKEY1122, ip=203.0.113.55"
"2025-07-04T12:46:11,579",INFO,PaymentService,"Payment receipt emailed - order_id=87675, user_id=2080, email=user2080@example.com"
"2025-07-04T12:47:56,830",DEBUG,Database,"Auto-index creation triggered - table=logs, index_columns=[""timestamp"", ""severity""]"
"2025-07-04T12:48:45,621",ERROR,APIGateway,"Cross-origin request blocked - endpoint=/api/v2/dashboard, origin=http://untrusted.example.com"
"2025-07-04T12:49:37,924",INFO,InventoryService,"Stock location updated - product_id=778901, from=Aisle5 to=Aisle7"
"2025-07-04T12:50:28,486",WARNING,EmailService,DMARC reporting misconfiguration detected - domain=example.org
"2025-07-04T12:51:15,310",INFO,AuthService,"Trusted device added - user_id=2081, device_id=DEV987654"
"2025-07-04T12:52:46,587",ERROR,PaymentService,"Refund window expired - order_id=87676, user_id=2082, days_since_purchase=45"
"2025-07-04T12:53:37,109",DEBUG,Database,"Full-text search index rebuilt - table=articles, duration=2m15s"
"2025-07-04T12:54:21,370",INFO,APIGateway,"Geo-replication sync completed - regions_synced=5, sync_time=12m"
"2025-07-04T12:55:14,890",ERROR,InventoryService,"Restricted product added to cart - product_id=445567, user_id=2083, restriction_type=AgeLimit"
"2025-07-04T12:56:27,659",INFO,EmailService,"Automated payment reminder email sent - to=user2084@example.com, order_id=87677"
"2025-07-04T12:57:46,034",WARNING,AuthService,"Multiple session expirations detected - user_id=2085, sessions=4"
"2025-07-04T12:58:29,178",INFO,PaymentService,"Subscription renewal processed - subscription_id=SUB12345, user_id=2086, amount=29.99"
"2025-07-04T12:59:17,435",DEBUG,Database,"Deadlock resolution succeeded - transaction_ids=[TX123, TX124]"
"2025-07-04T13:00:02,893",ERROR,APIGateway,"Service rate-limiting enforced - endpoint=/api/v2/notifications, limit=200 req/min"
"2025-07-04T13:01:12,147",INFO,InventoryService,"Inventory forecast generated - product_id=889903, forecast_period=30 days"
"2025-07-04T13:02:25,813",WARNING,EmailService,"High number of unsubscribe requests - campaign_id=AUTUMN2025, count=150"
"2025-07-04T13:03:17,902",INFO,AuthService,"API token refreshed - user_id=2087, token_id=TOKEN123456"
"2025-07-04T13:04:02,371",ERROR,PaymentService,"Recurring payment failed - subscription_id=SUB67890, user_id=2088, reason=CardDeclined"
"2025-07-04T13:05:47,052",DEBUG,Database,"Index fragmentation detected - table=orders, fragmentation=23%"
"2025-07-04T13:06:32,194",INFO,APIGateway,"New API client registered - client_id=CLIENT09876, application=""MobileAppV3"""
"2025-07-04T13:07:28,015",ERROR,InventoryService,"Product listing error - product_id=112234, error=InvalidCategoryMapping"
"2025-07-04T13:08:14,642",INFO,EmailService,Welcome email sent - to=user2089@example.com
"2025-07-04T13:09:05,986",WARNING,AuthService,"Login from high-risk country - user_id=2090, country=North Korea"
"2025-07-04T13:10:19,374",INFO,PaymentService,"Cashback applied - order_id=87678, user_id=2091, amount=5.00"
"2025-07-04T13:11:06,857",DEBUG,Database,"Scheduled cleanup executed - old_logs_removed=5000, cutoff_date=2025-04-01"
"2025-07-04T13:12:33,501",ERROR,APIGateway,"JWT token signature invalid - endpoint=/api/v2/userinfo, user_id=2092"
"2025-07-04T13:13:21,072",INFO,InventoryService,"Damaged goods report filed - product_id=778902, quantity=3"
"2025-07-04T13:14:08,259",WARNING,EmailService,"Email delivery failure - to=user2093@example.com, reason=DomainBlocked"
"2025-07-04T13:15:29,410",INFO,AuthService,"User consent recorded - user_id=2094, terms_version=2.1"
"2025-07-04T13:16:17,984",ERROR,PaymentService,"Overpayment detected - order_id=87679, user_id=2095, excess_amount=10.00"
"2025-07-04T13:17:02,316",DEBUG,Database,"Query parallelization enabled - query_id=QRY112233, threads_used=4"
"2025-07-04T13:18:55,487",INFO,APIGateway,API gateway instance scaled up - new_instance_count=6
"2025-07-04T13:19:47,812",ERROR,InventoryService,"Purchase order approval failed - po_id=PO998877, approver_id=2096, reason=InsufficientBudget"
"2025-07-04T13:20:39,154",INFO,EmailService,"Campaign performance report generated - campaign_id=SUMMER2025, open_rate=25.6%"
"2025-07-04T13:21:26,845",WARNING,AuthService,"Legacy password hash detected - user_id=2097, action_required=UpgradeHash"
"2025-07-04T13:22:12,693",INFO,PaymentService,"Payment split processed - order_id=87680, user_id=2098, splits=2"
"2025-07-04T13:23:58,471",DEBUG,Database,Data anonymization task completed - records_processed=10000
"2025-07-04T13:24:46,752",ERROR,APIGateway,"CORS policy violation detected - endpoint=/api/v2/resources, origin=http://unauthorized.example.com"
"2025-07-04T13:25:34,927",INFO,InventoryService,"Bulk product update applied - products_updated=150, update_type=PriceAdjustment"
"2025-07-04T13:26:17,453",WARNING,EmailService,"High soft bounce rate detected - campaign_id=HOLIDAY2025, soft_bounce_rate=7.2%"
"2025-07-04T13:27:05,986",INFO,AuthService,"User activity export completed - user_id=2099, record_count=850"
"2025-07-04T13:28:47,641",ERROR,PaymentService,"Fraud rule triggered - transaction_id=TXN445566, user_id=2100, rule_id=FRD001"
"2025-07-04T13:29:39,284",DEBUG,Database,Database compaction completed - freed_space=2.3GB
"2025-07-04T13:30:21,675",INFO,APIGateway,"Multi-region failover test passed - primary_region=us-east-1, backup_region=us-west-2"
"2025-07-04T13:31:16,902",ERROR,InventoryService,"Product allocation error - product_id=889904, warehouse_id=WHS007, reason=InvalidReservation"
"2025-07-04T13:32:54,814",INFO,EmailService,Opt-in confirmation email resent - to=user2101@example.com
"2025-07-04T13:33:42,519",WARNING,AuthService,"Frequent password reset attempts detected - user_id=2102, attempts=4 in 1 hour"
"2025-07-04T13:34:27,183",INFO,PaymentService,"Gift card redeemed - card_id=GC123456, user_id=2103, amount=75.00"
"2025-07-04T13:35:18,504",DEBUG,Database,Routine integrity check completed - issues_found=0
"2025-07-04T13:36:07,941",ERROR,APIGateway,"Invalid OAuth callback received - endpoint=/api/v2/oauth/callback, provider=Google"
"2025-07-04T13:37:54,673",INFO,InventoryService,"Warehouse transfer completed - from=WHS005, to=WHS008, product_id=778903, quantity=120"
"2025-07-04T13:38:43,211",WARNING,EmailService,"High delivery latency detected - campaign_id=SPRING2025, avg_latency=8 minutes"
"2025-07-04T13:39:26,754",INFO,AuthService,"Two-step verification disabled - user_id=2104, ip=10.0.0.40"
"2025-07-04T13:40:15,382",ERROR,PaymentService,"Card network declined transaction - order_id=87681, user_id=2105, reason=DoNotHonor"
"2025-07-04T13:41:48,726",DEBUG,Database,"Table compression ratio evaluated - table=sales, compression_ratio=2.5x"
"2025-07-04T13:42:39,159",INFO,APIGateway,"Load balancer rule updated - endpoint=/api/v2/reports, new_rule=LeastConnections"
"2025-07-04T13:43:23,005",ERROR,InventoryService,"Inventory sync conflict detected - product_id=556679, remote_quantity=200, local_quantity=205"
"2025-07-04T13:44:18,847",INFO,EmailService,Holiday greeting email dispatched - to=user2106@example.com
"2025-07-04T13:45:04,297",WARNING,AuthService,"New device login alert triggered - user_id=2107, device_id=DEV223344, location=NewCity"
"2025-07-04T13:46:55,186",INFO,PaymentService,"Partial refund processed - order_id=87682, user_id=2108, amount=30.00"
"2025-07-04T13:47:43,319",DEBUG,Database,"Query result caching enabled - query=""SELECT COUNT(*) FROM users"", cache_duration=5 minutes"
"2025-07-04T13:48:35,458",ERROR,APIGateway,"Invalid JSON payload - endpoint=/api/v2/orders, user_id=2109"
"2025-07-04T13:49:21,942",INFO,InventoryService,"Restock notification sent - product_id=889905, threshold=15"
"2025-07-04T13:50:14,037",WARNING,EmailService,"Auto-responder detected - to=user2110@example.com, message_type=OutOfOffice"
"2025-07-04T13:51:09,325",INFO,AuthService,"Account deletion request confirmed - user_id=2111, confirmation_method=Email"
"2025-07-04T13:52:37,289",ERROR,PaymentService,"Invalid CVV entered - order_id=87683, user_id=2112, attempts=3"
"2025-07-04T13:53:26,518",DEBUG,Database,"Write amplification detected - table=logs, ratio=1.8x"
"2025-07-04T13:54:12,706",INFO,APIGateway,"API endpoint versioning completed - endpoint=/api/v2/customers, new_version=v2.1"
"2025-07-04T13:55:48,304",ERROR,InventoryService,"Expired product removal failed - product_id=778904, reason=PermissionDenied"
"2025-07-04T13:56:39,972",INFO,EmailService,"Follow-up email sent - to=user2113@example.com, followup_type=SurveyReminder"
"2025-07-04T13:57:24,015",WARNING,AuthService,"High-risk device flagged - user_id=2114, device_id=DEV556677, risk_score=87"
"2025-07-04T13:58:53,674",INFO,PaymentService,"Cryptocurrency payment confirmed - transaction_id=TXCRYPTO9988, user_id=2115, currency=BTC"
"2025-07-04T13:59:42,159",DEBUG,Database,"Large transaction rollback completed - transaction_id=TXN112233, rollback_duration=9s"
"2025-07-04T14:00:28,647",ERROR,APIGateway,"API response timeout - endpoint=/api/v2/search, user_id=2116, timeout_threshold=30s"
"2025-07-04T14:01:14,935",INFO,InventoryService,"Supplier contract renewed - supplier_id=SUPP205, renewal_period=12 months"
"2025-07-04T14:02:05,291",WARNING,EmailService,"Unusual bounce pattern detected - campaign_id=WINTER2025, region=Europe"
"2025-07-04T14:03:52,076",INFO,AuthService,"User consent revoked - user_id=2117, consent_type=DataSharing"
"2025-07-04T14:04:47,813",ERROR,PaymentService,"Excessive refund attempts detected - user_id=2118, refund_attempts=5"
"2025-07-04T14:05:38,294",DEBUG,Database,"Replication lag normalized - replica=node3, current_lag=0s"
"2025-07-04T14:06:19,083",INFO,APIGateway,"Custom error page deployed - endpoint=/api/v2/errors, status_codes=[400, 404, 500]"
"2025-07-04T14:07:58,721",ERROR,InventoryService,"Overstock threshold exceeded - product_id=778905, current_stock=350, threshold=300"
"2025-07-04T14:08:46,417",INFO,EmailService,System-wide email footer updated - updated_by=admin
"2025-07-04T14:09:29,674",WARNING,AuthService,"Repeated login failures detected - user_id=2119, failure_count=10"
"2025-07-04T14:10:13,945",INFO,PaymentService,"Multi-currency payment processed - order_id=87684, user_id=2120, currencies_used=2"
"2025-07-04T14:11:57,042",DEBUG,Database,"Auto-sharding triggered - affected_tables=[""orders"", ""transactions""]"
"2025-07-04T14:12:48,532",ERROR,APIGateway,"Third-party API rate limit hit - provider=ShippingAPI, retry_after=60s"
"2025-07-04T14:13:37,195",INFO,InventoryService,Inventory turnover report generated - period=Q2 2025
"2025-07-04T14:14:21,853",WARNING,EmailService,"Mailing list size exceeded recommended limit - list_id=NEWSLETTER2025, subscribers=150000"
"2025-07-04T14:15:06,497",INFO,AuthService,"Login token issued - user_id=2121, session_id=SID112233"
"2025-07-04T14:16:57,641",ERROR,PaymentService,"Payment gateway unresponsive - provider=Stripe, duration=3m"
"2025-07-04T14:17:46,093",DEBUG,Database,"Query timeout adjusted - query_id=QRY445566, new_timeout=90s"
"2025-07-04T14:18:32,704",INFO,APIGateway,Request header normalization applied - endpoint=/api/v2/products
"2025-07-04T14:19:19,823",ERROR,InventoryService,"Product availability mismatch - product_id=889906, expected_stock=20, actual_stock=18"
"2025-07-04T14:20:48,574",INFO,EmailService,"Monthly newsletter sent - campaign_id=JULY2025, recipients=200000"
"2025-07-04T14:21:35,268",WARNING,AuthService,"Unusual location access attempt - user_id=2122, ip=45.67.89.101, country=Unknown"
"2025-07-04T14:22:26,159",INFO,PaymentService,"Payment reversal completed - transaction_id=TXN556677, user_id=2123, amount=150.00"
"2025-07-04T14:23:58,472",DEBUG,Database,Background job queue cleared - jobs_processed=750
"2025-07-04T14:24:49,604",ERROR,APIGateway,"Invalid content encoding detected - endpoint=/api/v2/images, encoding=brotli"
"2025-07-04T14:25:37,913",INFO,InventoryService,"Low stock alert sent - product_id=556680, threshold=5, current_stock=4"
"2025-07-04T14:26:48,107",WARNING,EmailService,"High unsubscribe rate flagged - campaign_id=AUTUMN2025, unsubscribe_rate=4.9%"
"2025-07-04T14:27:56,039",INFO,AuthService,"Session duration extended - user_id=2124, new_duration=12 hours"
"2025-07-04T14:28:42,713",ERROR,PaymentService,"Invoice generation failed - invoice_id=INV998878, reason=TemplateMissing"
"2025-07-04T14:29:37,812",DEBUG,Database,"Index merge operation completed - merged_indexes=3, duration=6m"
"2025-07-04T14:30:23,091",INFO,APIGateway,CDN pre-warming completed - endpoints_cached=20
"2025-07-04T14:31:12,508",INFO,InventoryService,"Scheduled restock completed - warehouse_id=WHS009, products_restocked=85"
"2025-07-04T14:32:04,293",INFO,EmailService,"Notification email sent - to=user2125@example.com, notification_type=OrderShipped"
"2025-07-04T14:33:19,678",DEBUG,Database,Index usage statistics refreshed - table=customers
"2025-07-04T14:34:06,987",INFO,AuthService,"Successful login - user_id=2126, device_id=DEV112233"
"2025-07-04T14:35:14,571",INFO,PaymentService,"Payment processed - order_id=87685, user_id=2127, amount=249.99"
"2025-07-04T14:36:23,742",INFO,APIGateway,"API request served - endpoint=/api/v2/orders, user_id=2128, response_time=120ms"
"2025-07-04T14:37:10,856",INFO,InventoryService,"Product stock adjusted - product_id=778906, adjustment=+30"
"2025-07-04T14:38:26,193",DEBUG,Database,"Auto-analyze completed - table=transactions, rows_sampled=5000"
"2025-07-04T14:39:17,805",INFO,EmailService,"Promotional email scheduled - campaign_id=SUMMER_SALE, recipients=75000"
"2025-07-04T14:40:03,124",INFO,AuthService,"User profile updated - user_id=2129, fields_updated=[""phone"",""address""]"
"2025-07-04T14:41:14,562",INFO,PaymentService,"Invoice generated - invoice_id=INV998879, user_id=2130, amount=175.00"
"2025-07-04T14:42:05,718",INFO,APIGateway,"API health check passed - endpoint=/api/v2/analytics, status=OK"
"2025-07-04T14:43:49,027",INFO,InventoryService,"Product back in stock - product_id=556681, current_stock=50"
"2025-07-04T14:44:36,219",INFO,EmailService,Email verification completed - to=user2131@example.com
"2025-07-04T14:45:22,905",DEBUG,Database,Table statistics updated - table=orders
"2025-07-04T14:46:15,830",INFO,AuthService,Password changed successfully - user_id=2132
"2025-07-04T14:47:26,218",INFO,PaymentService,"Recurring payment processed - subscription_id=SUB998877, user_id=2133, amount=19.99"
"2025-07-04T14:48:17,624",INFO,APIGateway,API cache refreshed - endpoint=/api/v2/categories
"2025-07-04T14:49:01,943",INFO,InventoryService,"Product catalog updated - updated_by=admin, products_updated=120"
"2025-07-04T14:50:12,459",INFO,EmailService,Account summary email sent - to=user2134@example.com
"2025-07-04T14:51:04,763",INFO,AuthService,"New device authorized - user_id=2135, device_id=DEV334455"
"2025-07-04T14:52:18,098",DEBUG,Database,Replication status normal - replicas_in_sync=4
"2025-07-04T14:53:26,684",INFO,PaymentService,Transaction export completed - records_exported=5000
"2025-07-04T14:54:09,472",INFO,APIGateway,Load balancer health check completed - healthy_nodes=5
"2025-07-04T14:55:17,948",INFO,InventoryService,"Supplier restock order dispatched - supplier_id=SUPP206, items=320"
"2025-07-04T14:56:06,735",INFO,EmailService,Delivery confirmation email sent - to=user2136@example.com
"2025-07-04T14:57:14,821",INFO,AuthService,"MFA device added - user_id=2137, device_type=AuthenticatorApp"
"2025-07-04T14:58:29,618",DEBUG,Database,Cache hit ratio stable - ratio=96%
"2025-07-04T14:59:41,127",INFO,PaymentService,"Subscription renewal successful - subscription_id=SUB334455, user_id=2138"
"2025-07-04T15:00:35,034",INFO,APIGateway,"Request latency within limits - endpoint=/api/v2/user/profile, avg_latency=110ms"
"2025-07-04T15:01:47,203",INFO,InventoryService,Inventory report generated - period=July 2025
"2025-07-04T15:02:29,087",INFO,EmailService,"Scheduled campaign sent - campaign_id=FLASHSALE2025, recipients=60000"
"2025-07-04T15:03:13,972",INFO,AuthService,"User settings updated - user_id=2139, updated_fields=[""language"",""timezone""]"
"2025-07-04T15:04:24,186",DEBUG,Database,Auto-optimization executed - tables_optimized=3
"2025-07-04T15:05:11,398",INFO,PaymentService,"Credit card updated - user_id=2140, card_type=Visa"
"2025-07-04T15:06:26,174",INFO,APIGateway,CDN cache purge completed - affected_endpoints=7
"2025-07-04T15:07:13,209",INFO,InventoryService,Seasonal product availability updated - season=Autumn
"2025-07-04T15:08:32,401",INFO,EmailService,Abandoned cart reminder email sent - to=user2141@example.com
"2025-07-04T15:09:25,718",INFO,AuthService,"Biometric login enabled - user_id=2142, method=Fingerprint"
"2025-07-04T15:10:38,564",DEBUG,Database,Write throughput normalized - ops_per_sec=3000
"2025-07-04T15:11:24,182",INFO,PaymentService,"Payment confirmation sent - order_id=87686, user_id=2143"
"2025-07-04T15:12:41,047",INFO,APIGateway,API usage monitoring report generated - report_period=24h
"2025-07-04T15:13:28,394",INFO,InventoryService,"Product availability alert sent - product_id=889907, threshold=25, current_stock=22"
"2025-07-04T15:14:15,672",ERROR,PaymentService,"Payment authorization timeout - order_id=87687, user_id=2144, timeout=45s"
"2025-07-04T15:15:39,218",WARNING,EmailService,"Email bounce rate elevated - campaign_id=FLASHSALE2025, bounce_rate=4.2%"
"2025-07-04T15:16:47,063",INFO,AuthService,"User account unlocked - user_id=2145, unlock_method=AdminOverride"
"2025-07-04T15:17:34,519",DEBUG,Database,"Connection pool rebalanced - active_connections=18, idle_connections=7"
"2025-07-04T15:18:52,847",ERROR,APIGateway,"Request payload validation failed - endpoint=/api/v2/checkout, user_id=2146"
"2025-07-04T15:19:26,193",INFO,InventoryService,"Warehouse capacity alert - warehouse_id=WHS010, utilization=89%"
"2025-07-04T15:20:41,736",INFO,PaymentService,"Subscription cancelled - subscription_id=SUB445566, user_id=2147, reason=UserRequest"
"2025-07-04T15:21:58,204",WARNING,AuthService,"Failed login attempts spike detected - ip=192.168.1.100, attempts=15"
"2025-07-04T15:22:43,891",DEBUG,Database,"Query plan cache miss - query=""SELECT * FROM inventory WHERE warehouse_id = ?"", cache_size=85%"
"2025-07-04T15:23:17,465",INFO,EmailService,"Order confirmation email sent - to=user2148@example.com, order_id=87688"
"2025-07-04T15:24:29,582",ERROR,InventoryService,"Product weight validation failed - product_id=778907, recorded_weight=0.5kg, minimum_weight=1kg"
"2025-07-04T15:25:36,729",INFO,APIGateway,"API endpoint performance improved - endpoint=/api/v2/search, latency_reduction=15%"
"2025-07-04T15:26:12,048",INFO,PaymentService,"Gift card balance updated - card_id=GC334455, user_id=2149, remaining_balance=25.00"
"2025-07-04T15:27:48,315",WARNING,EmailService,"SMTP server connection issues - server=mail.example.com, retry_count=3"
"2025-07-04T15:28:53,192",DEBUG,Database,"Auto-vacuum scheduled - table=user_sessions, estimated_duration=45m"
"2025-07-04T15:29:37,684",INFO,AuthService,"API key generated - user_id=2150, key_type=ReadOnly"
"2025-07-04T15:30:41,926",ERROR,PaymentService,"Chargeback investigation initiated - order_id=87689, user_id=2151, amount=299.99"
"2025-07-04T15:31:15,273",INFO,InventoryService,"Bulk price adjustment completed - products_affected=200, adjustment_type=Markdown"
"2025-07-04T15:32:28,597",INFO,EmailService,"Weekly digest email dispatched - to=user2152@example.com, digest_type=OrderSummary"
"2025-07-04T15:33:44,831",WARNING,APIGateway,"SSL certificate expiration warning - endpoint=/api/v2/secure, expires_in=30 days"
"2025-07-04T15:34:59,174",DEBUG,Database,"Read replica lag spike - replica=node5, lag_seconds=8"
"2025-07-04T15:35:26,402",INFO,AuthService,"Two-factor authentication setup completed - user_id=2153, method=SMS"
"2025-07-04T15:36:38,719",ERROR,PaymentService,"Payment method verification failed - user_id=2154, method=Paypal, reason=AccountSuspended"
"2025-07-04T15:37:51,094",INFO,InventoryService,"Product recall notification sent - product_id=889908, recall_type=VoluntaryRecall"
"2025-07-04T15:38:47,368",WARNING,EmailService,"High spam complaint rate - campaign_id=AUTUMN2025, complaint_rate=0.8%"
"2025-07-04T15:39:23,615",DEBUG,Database,"Index statistics refreshed - table=product_reviews, index_count=8"
"2025-07-04T15:40:35,942",INFO,APIGateway,"Request throttling activated - endpoint=/api/v2/bulk, rate_limit=10 req/min"
"2025-07-04T15:41:17,258",INFO,PaymentService,"Payment dispute resolved - dispute_id=DISP334455, user_id=2155, resolution=Refund"
"2025-07-04T15:42:49,583",ERROR,InventoryService,"Supplier delivery delayed - supplier_id=SUPP207, expected_date=2025-07-05, new_date=2025-07-07"
"2025-07-04T15:43:52,871",INFO,EmailService,"Password reset email sent - to=user2156@example.com, reset_token=RST112233"
"2025-07-04T15:44:38,194",WARNING,AuthService,"Device registration limit exceeded - user_id=2157, current_devices=8, limit=5"
"2025-07-04T15:45:21,507",DEBUG,Database,"Transaction log archive completed - archived_logs=5GB, retention_period=7 years"
"2025-07-04T15:46:34,829",INFO,APIGateway,"Load balancer configuration updated - algorithm=RoundRobin, backend_servers=6"
"2025-07-04T15:47:16,142",ERROR,PaymentService,"Refund processing timeout - order_id=87690, user_id=2158, timeout=120s"
"2025-07-04T15:48:57,465",INFO,InventoryService,"Stock reservation expired - product_id=556682, reservation_id=RSV998877, duration=30m"
"2025-07-04T15:49:43,789",INFO,EmailService,"Marketing preferences updated - user_id=2159, preferences=[""Promotions"",""NewProducts""]"
"2025-07-04T15:50:29,013",WARNING,AuthService,"Suspicious login pattern detected - user_id=2160, login_frequency=25 times/hour"
"2025-07-04T15:51:42,356",DEBUG,Database,"Memory usage optimization completed - memory_freed=2.1GB, fragmentation_reduced=15%"
"2025-07-04T15:52:18,679",INFO,PaymentService,"Installment payment processed - order_id=87691, user_id=2161, installment=2/6"
"2025-07-04T15:53:35,924",ERROR,APIGateway,"WebSocket connection timeout - endpoint=/api/v2/realtime, user_id=2162, duration=5m"
"2025-07-04T15:54:51,247",INFO,InventoryService,"Product category reassignment completed - product_id=778908, old_category=Electronics, new_category=Accessories"
"2025-07-04T15:55:37,581",INFO,EmailService,"System maintenance notification sent - to=AllUsers, maintenance_window=2025-07-05 02:00-04:00 UTC"
"2025-07-04T15:56:24,894",WARNING,AuthService,"Account lockout threshold reached - user_id=2163, failed_attempts=5, lockout_duration=15m"
"2025-07-04T15:57:48,219",DEBUG,Database,"Deadlock avoidance mechanism triggered - affected_transactions=2, resolution_time=50ms"
"2025-07-04T15:58:33,542",INFO,PaymentService,"Cryptocurrency payment initiated - order_id=87692, user_id=2164, currency=ETH"
"2025-07-04T15:59:19,865",ERROR,InventoryService,"Product barcode duplicate detected - product_id=889909, barcode=1234567890123"
"2025-07-04T16:00:47,198",INFO,EmailService,"Abandoned cart sequence completed - to=user2165@example.com, emails_sent=3"
"2025-07-04T16:01:52,431",INFO,APIGateway,"API documentation updated - version=v2.6, new_endpoints=4"
"2025-07-04T16:02:38,754",WARNING,AuthService,"Password expiration reminder - user_id=2166, expires_in=7 days"
"2025-07-04T16:03:24,077",DEBUG,Database,"Backup verification completed - backup_id=BKP112233, integrity_check=Passed"
"2025-07-04T16:04:41,390",INFO,PaymentService,"Payment gateway failover activated - primary=Stripe, fallback=PayPal"
"2025-07-04T16:05:57,713",ERROR,InventoryService,"Warehouse temperature alert - warehouse_id=WHS011, temperature=28Â°C, threshold=25Â°C"
"2025-07-04T16:06:43,046",INFO,EmailService,"Welcome series email sent - to=user2167@example.com, sequence_step=2/5"
"2025-07-04T16:07:29,369",INFO,AuthService,"Login successful - user_id=2168, ip=172.16.0.45, device_type=Mobile"
"2025-07-04T16:08:15,682",WARNING,APIGateway,"High error rate detected - endpoint=/api/v2/inventory, error_rate=8.5%"
"2025-07-04T16:09:32,015",DEBUG,Database,"Query execution time improved - query_id=QRY778899, old_time=450ms, new_time=280ms"
"2025-07-04T16:10:48,338",INFO,PaymentService,"Subscription upgrade processed - subscription_id=SUB556677, user_id=2169, new_plan=Premium"
"2025-07-04T16:11:34,661",ERROR,InventoryService,"Product expiration batch job failed - batch_id=EXP2025070401, reason=DatabaseLockTimeout"
"2025-07-04T16:12:21,984",INFO,EmailService,"Feedback survey response received - survey_id=FB2025Q3, user_id=2170, rating=5"
"2025-07-04T16:13:47,307",WARNING,AuthService,"Multiple concurrent sessions detected - user_id=2171, session_count=4"
"2025-07-04T16:14:33,630",DEBUG,Database,"Table partitioning evaluation completed - table=transactions, recommendation=Partition"
"2025-07-04T16:15:19,953",INFO,APIGateway,"CDN cache hit ratio improved - endpoint=/api/v2/images, hit_ratio=94%"
"2025-07-04T16:16:36,276",INFO,PaymentService,"Refund approved - refund_id=REF998877, user_id=2172, amount=89.99"
"2025-07-04T16:17:52,599",ERROR,InventoryService,"Stock count discrepancy - product_id=556683, system_count=150, physical_count=148"
"2025-07-04T16:18:38,922",INFO,EmailService,"Holiday promotion email scheduled - campaign_id=INDEPENDENCE2025, send_date=2025-07-04 18:00"
"2025-07-04T16:19:25,245",INFO,AuthService,"Security question updated - user_id=2173, question_type=CustomQuestion"
"2025-07-04T16:20:41,568",WARNING,APIGateway,"Request size limit approaching - endpoint=/api/v2/uploads, current_size=48MB, limit=50MB"
"2025-07-04T16:21:57,891",DEBUG,Database,"Connection pool statistics - total_connections=50, active=32, idle=18"
"2025-07-04T16:22:44,214",INFO,PaymentService,"Payment method validation completed - user_id=2174, method=Apple Pay"
"2025-07-04T16:23:30,537",ERROR,InventoryService,"Supplier catalog sync failed - supplier_id=SUPP208, error=InvalidProductFormat"
"2025-07-04T16:24:16,860",INFO,EmailService,"Newsletter subscription confirmed - to=user2175@example.com, list_id=NEWSLETTER2025"
"2025-07-04T16:25:33,183",WARNING,AuthService,"IP address blacklist updated - new_entries=15, total_entries=1247"
"2025-07-04T16:26:49,506",DEBUG,Database,"Query cache performance metrics - hit_rate=91%, miss_rate=9%, cache_size=1.2GB"
"2025-07-04T16:27:35,829",INFO,APIGateway,"API rate limit policy updated - endpoint=/api/v2/orders, new_limit=1"
"2025-07-04T16:28:22,152",INFO,InventoryService,"Restock notification sent - product_id=445678, threshold=20"
"2025-07-04T16:29:15,247",WARNING,EmailService,"Auto-responder detected - to=user2176@example.com, message_type=OutOfOffice"
"2025-07-04T16:30:10,535",INFO,AuthService,"Account deletion request confirmed - user_id=2177, confirmation_method=Email"
"2025-07-04T16:31:38,499",ERROR,PaymentService,"Invalid CVV entered - order_id=87693, user_id=2178, attempts=3"
"2025-07-04T16:32:27,728",DEBUG,Database,"Write amplification detected - table=logs, ratio=2.1x"
"2025-07-04T16:33:13,916",INFO,APIGateway,"API endpoint versioning completed - endpoint=/api/v2/products, new_version=v2.2"
"2025-07-04T16:34:49,514",ERROR,InventoryService,"Expired product removal failed - product_id=334567, reason=PermissionDenied"
"2025-07-04T16:35:40,182",INFO,EmailService,"Follow-up email sent - to=user2179@example.com, followup_type=SurveyReminder"
"2025-07-04T16:36:25,225",WARNING,AuthService,"High-risk device flagged - user_id=2180, device_id=DEV778899, risk_score=92"
"2025-07-04T16:37:54,884",INFO,PaymentService,"Cryptocurrency payment confirmed - transaction_id=TXCRYPTO7765, user_id=2181, currency=BTC"
"2025-07-04T16:38:43,369",DEBUG,Database,"Large transaction rollback completed - transaction_id=TXN334455, rollback_duration=12s"
"2025-07-04T16:39:29,857",ERROR,APIGateway,"API response timeout - endpoint=/api/v2/search, user_id=2182, timeout_threshold=30s"
"2025-07-04T16:40:16,145",INFO,InventoryService,"Supplier contract renewed - supplier_id=SUPP209, renewal_period=18 months"
"2025-07-04T16:41:07,501",WARNING,EmailService,"Unusual bounce pattern detected - campaign_id=SUMMER2025, region=Asia"
"2025-07-04T16:42:54,286",INFO,AuthService,"User consent revoked - user_id=2183, consent_type=DataSharing"
"2025-07-04T16:43:50,023",ERROR,PaymentService,"Excessive refund attempts detected - user_id=2184, refund_attempts=4"
"2025-07-04T16:44:40,504",DEBUG,Database,"Replication lag normalized - replica=node4, current_lag=0s"
"2025-07-04T16:45:21,293",INFO,APIGateway,"Custom error page deployed - endpoint=/api/v2/errors, status_codes=[401, 403, 500]"
"2025-07-04T16:46:59,931",ERROR,InventoryService,"Overstock threshold exceeded - product_id=223456, current_stock=425, threshold=400"
"2025-07-04T16:47:47,627",INFO,EmailService,System-wide email footer updated - updated_by=admin
"2025-07-04T16:48:30,884",WARNING,AuthService,"Repeated login failures detected - user_id=2185, failure_count=8"
"2025-07-04T16:49:15,155",INFO,PaymentService,"Multi-currency payment processed - order_id=87694, user_id=2186, currencies_used=3"
"2025-07-04T16:50:58,252",DEBUG,Database,"Auto-sharding triggered - affected_tables=[""inventory"", ""customers""]"
"2025-07-04T16:51:49,742",ERROR,APIGateway,"Third-party API rate limit hit - provider=DeliveryAPI, retry_after=90s"
"2025-07-04T16:52:38,405",INFO,InventoryService,Inventory turnover report generated - period=Q3 2025
"2025-07-04T16:53:23,063",WARNING,EmailService,"Mailing list size exceeded recommended limit - list_id=PROMO2025, subscribers=175000"
"2025-07-04T16:54:07,707",INFO,AuthService,"Login token issued - user_id=2187, session_id=SID445566"
"2025-07-04T16:55:58,851",ERROR,PaymentService,"Payment gateway unresponsive - provider=PayPal, duration=4m"
"2025-07-04T16:56:47,303",DEBUG,Database,"Query timeout adjusted - query_id=QRY778899, new_timeout=120s"
"2025-07-04T16:57:33,914",INFO,APIGateway,Request header normalization applied - endpoint=/api/v2/orders
"2025-07-04T16:58:21,033",ERROR,InventoryService,"Product availability mismatch - product_id=112345, expected_stock=35, actual_stock=32"
"2025-07-04T16:59:49,784",INFO,EmailService,"Monthly newsletter sent - campaign_id=AUGUST2025, recipients=180000"
"2025-07-04T17:00:36,478",WARNING,AuthService,"Unusual location access attempt - user_id=2188, ip=67.89.101.123, country=Unknown"
"2025-07-04T17:01:27,369",INFO,PaymentService,"Payment reversal completed - transaction_id=TXN778899, user_id=2189, amount=225.50"
"2025-07-04T17:02:59,682",DEBUG,Database,Background job queue cleared - jobs_processed=890
"2025-07-04T17:03:50,814",ERROR,APIGateway,"Invalid content encoding detected - endpoint=/api/v2/videos, encoding=gzip"
"2025-07-04T17:04:39,123",INFO,InventoryService,"Low stock alert sent - product_id=667891, threshold=8, current_stock=6"
"2025-07-04T17:05:49,317",WARNING,EmailService,"High unsubscribe rate flagged - campaign_id=WINTER2025, unsubscribe_rate=5.2%"
"2025-07-04T17:06:57,249",INFO,AuthService,"Session duration extended - user_id=2190, new_duration=8 hours"
"2025-07-04T17:07:43,923",ERROR,PaymentService,"Invoice generation failed - invoice_id=INV445566, reason=TemplateMissing"
"2025-07-04T17:08:39,022",DEBUG,Database,"Index merge operation completed - merged_indexes=5, duration=8m"
"2025-07-04T17:09:24,301",INFO,APIGateway,CDN pre-warming completed - endpoints_cached=25
"2025-07-04T17:10:13,718",INFO,InventoryService,"Scheduled restock completed - warehouse_id=WHS012, products_restocked=120"
"2025-07-04T17:11:05,503",INFO,EmailService,"Notification email sent - to=user2191@example.com, notification_type=OrderShipped"
"2025-07-04T17:12:20,888",DEBUG,Database,Index usage statistics refreshed - table=orders
"2025-07-04T17:13:08,197",INFO,AuthService,"Successful login - user_id=2192, device_id=DEV556677"
"2025-07-04T17:14:15,781",INFO,PaymentService,"Payment processed - order_id=87695, user_id=2193, amount=189.99"
"2025-07-04T17:15:24,952",INFO,APIGateway,"API request served - endpoint=/api/v2/customers, user_id=2194, response_time=95ms"
"2025-07-04T17:16:12,066",INFO,InventoryService,"Product stock adjusted - product_id=334568, adjustment=+45"
"2025-07-04T17:17:27,403",DEBUG,Database,"Auto-analyze completed - table=customers, rows_sampled=7500"
"2025-07-04T17:18:19,015",INFO,EmailService,"Promotional email scheduled - campaign_id=FALL_COLLECTION, recipients=95000"
"2025-07-04T17:19:04,334",INFO,AuthService,"User profile updated - user_id=2195, fields_updated=[""email"",""preferences""]"
"2025-07-04T17:20:15,772",INFO,PaymentService,"Invoice generated - invoice_id=INV667788, user_id=2196, amount=320.75"
"2025-07-04T17:21:06,928",INFO,APIGateway,"API health check passed - endpoint=/api/v2/payments, status=OK"
"2025-07-04T17:22:50,237",INFO,InventoryService,"Product back in stock - product_id=778910, current_stock=75"
"2025-07-04T17:23:37,429",INFO,EmailService,Email verification completed - to=user2197@example.com
"2025-07-04T17:24:24,115",DEBUG,Database,Table statistics updated - table=products
"2025-07-04T17:25:17,040",INFO,AuthService,Password changed successfully - user_id=2198
"2025-07-04T17:26:27,428",INFO,PaymentService,"Recurring payment processed - subscription_id=SUB667788, user_id=2199, amount=29.99"
"2025-07-04T17:27:18,834",INFO,APIGateway,API cache refreshed - endpoint=/api/v2/inventory
"2025-07-04T17:28:03,153",INFO,InventoryService,"Product catalog updated - updated_by=admin, products_updated=85"
"2025-07-04T17:29:13,669",INFO,EmailService,Account summary email sent - to=user2200@example.com
"2025-07-04T17:30:05,973",INFO,AuthService,"New device authorized - user_id=2201, device_id=DEV889900"
"2025-07-04T17:31:19,308",DEBUG,Database,Replication status normal - replicas_in_sync=6
"2025-07-04T17:32:27,894",INFO,PaymentService,Transaction export completed - records_exported=8500
"2025-07-04T17:33:10,682",INFO,APIGateway,Load balancer health check completed - healthy_nodes=7
"2025-07-04T17:34:19,158",INFO,InventoryService,"Supplier restock order dispatched - supplier_id=SUPP210, items=275"
"2025-07-04T17:35:07,945",INFO,EmailService,Delivery confirmation email sent - to=user2202@example.com
"2025-07-04T17:36:16,031",INFO,AuthService,"MFA device added - user_id=2203, device_type=AuthenticatorApp"
"2025-07-04T17:37:30,828",DEBUG,Database,Cache hit ratio stable - ratio=94%
"2025-07-04T17:38:42,337",INFO,PaymentService,"Subscription renewal successful - subscription_id=SUB889900, user_id=2204"
"2025-07-04T17:39:36,244",INFO,APIGateway,"Request latency within limits - endpoint=/api/v2/checkout, avg_latency=125ms"
"2025-07-04T17:40:48,413",INFO,InventoryService,Inventory report generated - period=August 2025
"2025-07-04T17:41:30,297",INFO,EmailService,"Scheduled campaign sent - campaign_id=BACKTOSCHOOL2025, recipients=85000"
"2025-07-04T17:42:15,182",INFO,AuthService,"User settings updated - user_id=2205, updated_fields=[""notifications"",""privacy""]"
"2025-07-04T17:43:25,396",DEBUG,Database,Auto-optimization executed - tables_optimized=4
"2025-07-04T17:44:12,608",INFO,PaymentService,"Credit card updated - user_id=2206, card_type=Mastercard"
"2025-07-04T17:45:27,384",INFO,APIGateway,CDN cache purge completed - affected_endpoints=12
"2025-07-04T17:46:14,419",INFO,InventoryService,Seasonal product availability updated - season=Winter
"2025-07-04T17:47:33,611",INFO,EmailService,Abandoned cart reminder email sent - to=user2207@example.com
"2025-07-04T17:48:26,928",INFO,AuthService,"Biometric login enabled - user_id=2208, method=FaceID"
"2025-07-04T17:49:39,774",DEBUG,Database,Write throughput normalized - ops_per_sec=3500
"2025-07-04T17:50:25,392",INFO,PaymentService,"Payment confirmation sent - order_id=87696, user_id=2209"
"2025-07-04T17:51:42,257",INFO,APIGateway,API usage monitoring report generated - report_period=48h
"2025-07-04T17:52:29,604",INFO,InventoryService,"Product availability alert sent - product_id=445679, threshold=12, current_stock=10"
"2025-07-04T17:53:16,882",ERROR,PaymentService,"Payment authorization timeout - order_id=87697, user_id=2210, timeout=60s"
"2025-07-04T17:54:40,428",WARNING,EmailService,"Email bounce rate elevated - campaign_id=BACKTOSCHOOL2025, bounce_rate=3.8%"
"2025-07-04T17:55:48,273",INFO,AuthService,"User account unlocked - user_id=2211, unlock_method=AdminOverride"
"2025-07-04T17:56:35,729",DEBUG,Database,"Connection pool rebalanced - active_connections=22, idle_connections=13"
"2025-07-04T17:57:54,057",ERROR,APIGateway,"Request payload validation failed - endpoint=/api/v2/payments, user_id=2212"
"2025-07-04T17:58:27,403",INFO,InventoryService,"Warehouse capacity alert - warehouse_id=WHS013, utilization=91%"
"2025-07-04T17:59:42,946",INFO,PaymentService,"Subscription cancelled - subscription_id=SUB112233, user_id=2213, reason=UserRequest"
"2025-07-04T18:00:59,414",WARNING,AuthService,"Failed login attempts spike detected - ip=203.45.67.89, attempts=12"
"2025-07-04T18:01:45,101",DEBUG,Database,"Query plan cache miss - query=""SELECT * FROM users WHERE status = ?"", cache_size=88%"
"2025-07-04T18:02:18,675",INFO,EmailService,"Order confirmation email sent - to=user2214@example.com, order_id=87698"
"2025-07-04T18:03:30,792",ERROR,InventoryService,"Product weight validation failed - product_id=556684, recorded_weight=1.2kg, minimum_weight=1.5kg"
"2025-07-04T18:04:37,939",INFO,APIGateway,"API endpoint performance improved - endpoint=/api/v2/products, latency_reduction=20%"
"2025-07-04T18:05:13,258",INFO,PaymentService,"Gift card balance updated - card_id=GC778899, user_id=2215, remaining_balance=45.50"
"2025-07-04T18:06:49,525",WARNING,EmailService,"SMTP server connection issues - server=smtp.example.com, retry_count=2"
"2025-07-04T18:07:54,402",DEBUG,Database,"Auto-vacuum scheduled - table=payment_logs, estimated_duration=60m"
"2025-07-04T18:08:38,894",INFO,AuthService,"API key generated - user_id=2216, key_type=FullAccess"
"2025-07-04T18:09:43,136",ERROR,PaymentService,"Chargeback investigation initiated - order_id=87699, user_id=2217, amount=149.99"
"2025-07-04T18:10:16,483",INFO,InventoryService,"Bulk price adjustment completed - products_affected=150, adjustment_type=Increase"
"2025-07-04T18:11:29,807",INFO,EmailService,"Weekly digest email dispatched - to=user2218@example.com, digest_type=ProductUpdates"
"2025-07-04T18:12:46,041",WARNING,APIGateway,"SSL certificate expiration warning - endpoint=/api/v2/auth, expires_in=45 days"
"2025-07-04T18:14:00,384",DEBUG,Database,"Read replica lag spike - replica=node2, lag_seconds=6"
"2025-07-04T18:14:27,612",INFO,AuthService,"Two-factor authentication setup completed - user_id=2219, method=Email"
"2025-07-04T18:15:39,929",ERROR,PaymentService,"Payment method verification failed - user_id=2220, method=GooglePay, reason=ExpiredCard"
"2025-07-04T18:16:52,304",INFO,InventoryService,"Product recall notification sent - product_id=667892, recall_type=SafetyRecall"
"2025-07-04T18:17:48,578",WARNING,EmailService,"High spam complaint rate - campaign_id=WINTER2025, complaint_rate=0.6%"
"2025-07-04T18:18:24,825",DEBUG,Database,"Index statistics refreshed - table=transactions, index_count=12"
"2025-07-04T18:19:37,152",INFO,APIGateway,"Request throttling activated - endpoint=/api/v2/reports, rate_limit=5 req/min"
"2025-07-04T18:20:18,468",INFO,PaymentService,"Payment dispute resolved - dispute_id=DISP778899, user_id=2221, resolution=Chargeback"
"2025-07-04T18:21:50,793",ERROR,InventoryService,"Supplier delivery delayed - supplier_id=SUPP211, expected_date=2025-07-06, new_date=2025-07-09"
"2025-07-04T18:22:54,081",INFO,EmailService,"Password reset email sent - to=user2222@example.com, reset_token=RST445566"
"2025-07-04T18:23:39,404",WARNING,AuthService,"Device registration limit exceeded - user_id=2223, current_devices=6, limit=5"
"2025-07-04T18:24:22,717",DEBUG,Database,"Transaction log archive completed - archived_logs=7GB, retention_period=5 years"
"2025-07-04T18:25:36,039",INFO,APIGateway,"Load balancer configuration updated - algorithm=LeastConnections, backend_servers=8"
"2025-07-04T18:26:17,352",ERROR,PaymentService,"Refund processing timeout - order_id=87700, user_id=2224, timeout=90s"
"2025-07-04T18:27:58,675",INFO,InventoryService,"Stock reservation expired - product_id=334569, reservation_id=RSV445566, duration=45m"
"2025-07-04T18:28:44,999",INFO,EmailService,"Marketing preferences updated - user_id=2225, preferences=[""Sales"",""Exclusive""]"
"2025-07-04T18:29:30,223",WARNING,AuthService,"Suspicious login pattern detected - user_id=2226, login_frequency=18 times/hour"
"2025-07-04T18:30:43,566",DEBUG,Database,"Memory usage optimization completed - memory_freed=3.2GB, fragmentation_reduced=22%"
"2025-07-04T18:31:19,889",INFO,PaymentService,"Installment payment processed - order_id=87701, user_id=2227, installment=1/4"
"2025-07-04T18:32:37,134",ERROR,APIGateway,"WebSocket connection timeout - endpoint=/api/v2/notifications, user_id=2228, duration=8m"
"2025-07-04T18:33:52,457",INFO,InventoryService,"Product category reassignment completed - product_id=445680, old_category=Home, new_category=Garden"
"2025-07-04T18:34:38,791",INFO,EmailService,"System maintenance notification sent - to=AllUsers, maintenance_window=2025-07-06 01:00-03:00 UTC"
"2025-07-04T18:35:26,104",WARNING,AuthService,"Account lockout threshold reached - user_id=2229, failed_attempts=5, lockout_duration=20m"
"2025-07-04T18:36:49,429",DEBUG,Database,"Deadlock avoidance mechanism triggered - affected_transactions=3, resolution_time=75ms"
"2025-07-04T18:37:34,752",INFO,PaymentService,"Cryptocurrency payment initiated - order_id=87702, user_id=2230, currency=LTC"
"2025-07-04T18:38:21,075",ERROR,InventoryService,"Product barcode duplicate detected - product_id=778911, barcode=9876543210987"
"2025-07-04T18:39:48,408",INFO,EmailService,"Abandoned cart sequence completed - to=user2231@example.com, emails_sent=4"
"2025-07-04T18:40:53,641",INFO,APIGateway,"API documentation updated - version=v2.7, new_endpoints=3"
"2025-07-04T18:41:39,964",WARNING,AuthService,"Password expiration reminder - user_id=2232, expires_in=3 days"
"2025-07-04T18:42:25,287",DEBUG,Database,"Backup verification completed - backup_id=BKP445566, integrity_check=Passed"
"2025-07-04T18:43:42,600",INFO,PaymentService,"Payment gateway failover activated - primary=Square, fallback=Stripe"
"2025-07-04T18:44:58,923",ERROR,InventoryService,"Warehouse temperature alert - warehouse_id=WHS014, temperature=30Â°C, threshold=25Â°C"
"2025-07-04T18:45:44,256",INFO,EmailService,"Welcome series email sent - to=user2233@example.com, sequence_step=3/5"
"2025-07-04T18:46:30,579",INFO,AuthService,"Login successful - user_id=2234, ip=10.0.0.50, device_type=Desktop"
"2025-07-04T18:47:16,892",WARNING,APIGateway,"High error rate detected - endpoint=/api/v2/users, error_rate=6.8%"
"2025-07-04T18:48:33,225",DEBUG,Database,"Query execution time improved - query_id=QRY889900, old_time=380ms, new_time=210ms"
"2025-07-04T18:49:49,548",INFO,PaymentService,"Subscription upgrade processed - subscription_id=SUB334455, user_id=2235, new_plan=Enterprise"
"2025-07-04T18:50:35,871",ERROR,InventoryService,"Product expiration batch job failed - batch_id=EXP2025070402, reason=NetworkTimeout"
"2025-07-04T18:51:23,194",INFO,EmailService,"Feedback survey response received - survey_id=FB2025Q4, user_id=2236, rating=4"
"2025-07-04T18:52:48,517",WARNING,AuthService,"Multiple concurrent sessions detected - user_id=2237, session_count=5"
"2025-07-04T18:53:34,840",DEBUG,Database,"Table partitioning evaluation completed - table=logs, recommendation=Archive"
"2025-07-04T18:54:21,163",INFO,APIGateway,"CDN cache hit ratio improved - endpoint=/api/v2/assets, hit_ratio=97%"
"2025-07-04T18:55:37,486",INFO,PaymentService,"Refund approved - refund_id=REF556677, user_id=2238, amount=199.99"
"2025-07-04T18:56:53,809",ERROR,InventoryService,"Stock count discrepancy - product_id=889912, system_count=200, physical_count=197"
"2025-07-04T18:57:40,132",INFO,EmailService,"Holiday promotion email scheduled - campaign_id=HALLOWEEN2025, send_date=2025-10-31 16:00"
"2025-07-04T18:58:26,455",INFO,AuthService,"Security question updated - user_id=2239, question_type=PredefinedQuestion"
"2025-07-04T18:59:42,778",WARNING,APIGateway,"Request size limit approaching - endpoint=/api/v2/documents, current_size=47MB, limit=50MB"
"2025-07-04T19:00:59,101",DEBUG,Database,"Connection pool statistics - total_connections=60, active=38, idle=22"
